news_time,news_title,news_text,company_involved,stock_code,stock_short_name
2025年06月06日 16:05,比亚迪首次公开回应“反内卷”,2025中国重庆汽车论坛上，比亚迪集团品牌及公关处总经理李云飞称，该公司将用科技创新来“反内卷”。他提出4点倡议，一是为消费者负责，拒绝夸大式宣传；二是，以量产为准，拒绝透支式营销；三是比技术、拼产品，抵制阴阳、反对拉踩；四是打击造谣等。,比亚迪股份有限公司,002594.SZ,比亚迪
2025年06月06日 16:05,比亚迪首次公开回应“反内卷”,2025中国重庆汽车论坛上，比亚迪集团品牌及公关处总经理李云飞称，该公司将用科技创新来“反内卷”。他提出4点倡议，一是为消费者负责，拒绝夸大式宣传；二是，以量产为准，拒绝透支式营销；三是比技术、拼产品，抵制阴阳、反对拉踩；四是打击造谣等。,比亚迪电子(国际)有限公司,01211.HK,比亚迪电子
2025年06月06日 16:04,粤宏远Ａ：拟终止筹划重大资产重组,粤宏远Ａ(000573.SZ)公告称，公司与交易对方签署了股份转让意向协议，拟以支付现金方式收购博创智能约60%股份，预计构成重大资产重组。然而，由于交易各方未能就交易的最终方案达成一致，尤其是在交易价格等核心条款上存在分歧，双方经友好协商和充分审慎研究后，拟终止本次筹划的重大资产重组事项。公司已付的诚意金通过标的公司30%股份质押及银行见索即付履约保函提供担保，资金收回具有可控保障。公司承诺于终止重大资产重组公告披露之日起至少一个月内不再筹划重大资产重组。,广东粤宏远Ａ股份有限公司,000573.SZ,粤宏远Ａ
2025年06月06日 15:56,国脉科技：基于居家养老场景的AI智能体将于6月26日发布,国脉科技(002093.SZ)在投资者关系活动中透露，公司基于居家养老场景的AI智能体将于6月26日发布。该智能体将采用多智能体模式，包括前期接触与适应支持、日常生活与社交娱乐、健康与安全保障三种智能体。,国脉科技,002093.SZ,国脉科技
2025年06月06日 15:36,美团无人机香港首条运营航线开航,6月6日，在香港低空经济监管沙盒框架下，美团无人机首条常态化航线正式投入运营。新航线设在“跨海+公园”场景，无人机会由香港科学园起飞，降落在马鞍山海滨长廊，目前已有香港麦当劳、必胜客等商户接入服务。谈及后续发展，美团副总裁、无人机业务负责人毛一年表示，美团无人机会以香港科学园为起点，逐步开通至马鞍山居民小区等无人机空投柜航线，推动更多应用场景的落地。,美团,03690.HK,美团-W
2025年06月06日 15:31,比亚迪董秘李黔：未来中国的汽车智能化会对海外形成代际差,比亚迪董秘李黔在年度股东大会结束后的高管面对面交流中，回应投资者关于“海外市场发展”的提问时表示，中国在过去培养出巨大的工程师红利，（我们）在中国竞争很激烈，（几乎）赚不到钱，（但）海外价格很好卖，我们怎么能没有信心？（我们）太有竞争力了，尤其是在电动化转型的过程。而现在（中国汽车）智能化还没发力，未来中国智能化（发展）会对海外形成代际差。,比亚迪股份有限公司,002594.SZ,比亚迪
2025年06月06日 15:31,比亚迪董秘李黔：未来中国的汽车智能化会对海外形成代际差,比亚迪董秘李黔在年度股东大会结束后的高管面对面交流中，回应投资者关于“海外市场发展”的提问时表示，中国在过去培养出巨大的工程师红利，（我们）在中国竞争很激烈，（几乎）赚不到钱，（但）海外价格很好卖，我们怎么能没有信心？（我们）太有竞争力了，尤其是在电动化转型的过程。而现在（中国汽车）智能化还没发力，未来中国智能化（发展）会对海外形成代际差。,比亚迪股份有限公司,01211.HK,比亚迪股份
2025年06月06日 15:22,比亚迪董秘李黔：我们不打价格战 而是通过技术创新、规模与效率提升反馈用户,比亚迪2024年度股东大会结束后，董秘李黔在下午的交流中表示，请各位放心，比亚迪面对任何人掀起的价格战，我们玩得起。一样的，我们不打价格战，而是用技术创新、效率提升、规模提升，把这些所产生的（价值）反馈给我们的用户，这就是比亚迪为中国汽车行业要做出的重大贡献。,比亚迪股份有限公司,002594.SZ,比亚迪
2025年06月06日 15:17,御银股份：公司业务不涉及稳定币,御银股份在互动平台表示，公司主要从事自有物业产业园区运营和智能金融设备行业相关运营服务业务，不涉及稳定币。 （文章来源：第一财经）,御银股份,002177.SZ,御银股份
2025年06月06日 14:57,80余辆电动车遭远程 “上锁”，极核厂家回应,"近日，江苏盐城发生一起因经销商关店引发的电动车远程锁死事件，引发广泛关注。

据红星资本局报道，经销商王先生称，加盟销售的“极核”牌电动车被厂家远程锁死，导致80多辆已付全款的车辆无法正常使用。

极核是春风动力(603129.SH）旗下的两轮电动车品牌，主打“智能化”和“潮流”标签。

2024年8月，盐城阜宁经销商王先生与浙江春风动力销售公司达成合作协议，加盟销售 “极核” 牌电动车。根据约定，王先生负责提供店面，厂家承担装修及品牌支持。然而，由于厂家未能提供有效市场推广支持，且当地消费者对品牌认可度较低，门店运营半年仅售出十几辆车，月均销量不足4辆。

今年3月，王先生因持续亏损关闭店铺。根据合同约定，运营未满一年需承担13万余元装修费用。王先生提出以5万元保证金及部分货款抵扣，但厂家江苏区域负责人坚持要求 “先打款再谈车”，双方协商陷入僵局。

5 月，厂家通过技术手段远程锁死王先生仓库内80多辆已全款购买的电动车，导致车辆定位、联网等核心功能失效，仅能实现基础骑行。王先生表示，锁车正值国家 “以旧换新” 补贴政策实施期，原本可降价清仓的车辆因功能缺失无人问津，直接损失超30万元。

6月3日晚间，极核官方微博发文称，“极核对经销商车辆实施远程锁车”不实。极核认为，经销商“远程锁车”的说法是严重的歪曲事实，公司在2025年3月例行巡检中发现，该经销商在未告知情况下，擅自拆除极核品牌形象店，改建为其他品牌门店，已构成单方面违约，所以关闭了他的DMS系统使用权限，同时已经采取法律措施。

王先生则称，对方关闭DMS系统导致自己采购的极核电动车无法解锁智能功能，就是“锁定”。

王先生对红星资本局表示，已经准备材料起诉。而据极核的公告，公司在2025年3月29日也已对王先生所在的鑫鼎新能源发送律师函。

品牌方与经销商孰是孰非需要根据具体的合同而定。不过随着智能化设备在汽车、电瓶车等出行工具上的普及，“远程锁车”这个话题屡次引发热议。专家指出，智能电动车远程控制技术若缺乏规范，可能异化为商业博弈的 “武器”。",浙江春风动力股份有限公司,603129.SH,春风动力
2025年06月06日 14:52,科大讯飞公布大模型评估专利 可实现自动化评估,"上证报中国证券网讯（记者王墨璞嘉）6月6日，记者从天眼查获悉，科大讯飞申请的“大模型评估方法、装置、设备、系统及程序产品”专利今日公布。

摘要显示，该方法首先获取目标大模型问答所得的对话数据，基于数据之间的跟随关系依次对问答对话进行指令抽取，从而得到对话指令，并对对话指令打分得到第一得分。其次，提取问答对话对应的答案信息，将其与前序答案信息比对得到第二得分。再次，对答案信息进行回复质量评价，得到第三得分。最后，结合第一得分、第二得分和第三得分，得到目标得分，以此对目标大模型进行评估。

据悉，该方法针对多轮次对话特点进行多维度的指标配置，实现了自动化评估，可以大幅降低人工的参与度，减少因个人主观看法造成的偏差，提高大模型评估的准确性。

（文章来源：上海证券报·中国证券网）",科大讯飞股份有限公司,002230.SZ,科大讯飞
2025年06月06日 14:48,碧桂园第三次延长境外债务重组支持协议同意费限期 希望年内完成境外债务重组,"6月6日，碧桂园（02007.HK）发布公告，根据境外债务重组支持协议，继续延长重组支持协议同意费用限期，这是碧桂园第三次延长同意费用限期。

公告称，公司可酌情单方面延长早鸟重组支持协议同意费用限期和一般重组支持协议同意费用限期。有众多债权人尚未加入重组支持协议，但彼等支持建议重组。该等债权人正在办理其常规内部审批程序，办理后方可正式加入重组支持协议。

碧桂园未明确具体的日期，仅表示在目前的情况下，本公司拟在适当时候继续行使该酌情权，直至另行通知为止。如果公司决定避免行使酌情权延长重组支持协议同意费用限期，本公司将提供进一步更新数据。

公告称，在提供该等进一步更新数据前，已有效加入重组支持协议的债权人将合资格收取早鸟重组支持协议同意费用。

碧桂园的境外债务重组涉及债务的本金额为140.74亿美元。今年以来，碧桂园有意加快重组的进展，并希望能在2025年12月31日前完成。

对于境外债务重组的进展，5月29日澎湃新闻曾独家报道，截至目前，包括中国银行和工商银行等在内的关键银行仍未加入重组协议；与此同时，就如何向银行协调委员会支付1.78亿美元的补偿款，碧桂园仍未能和一个债券持有人特设小组（AHG）达成一致。

澎湃新闻还获悉，特设小组持有碧桂园“103亿美元未偿还离岸优先票据和可转换债券（美元债）”中超过30%的份额，该小组已经签署重组支持协议，但协议也明确写着1.78亿美元的补偿款支付计划需要其同意。",碧桂园控股有限公司,02007.HK,碧桂园
2025年06月06日 14:48,碧桂园第三次延长境外债务重组支持协议同意费限期 希望年内完成境外债务重组,"6月6日，碧桂园（02007.HK）发布公告，根据境外债务重组支持协议，继续延长重组支持协议同意费用限期，这是碧桂园第三次延长同意费用限期。

公告称，公司可酌情单方面延长早鸟重组支持协议同意费用限期和一般重组支持协议同意费用限期。有众多债权人尚未加入重组支持协议，但彼等支持建议重组。该等债权人正在办理其常规内部审批程序，办理后方可正式加入重组支持协议。

碧桂园未明确具体的日期，仅表示在目前的情况下，本公司拟在适当时候继续行使该酌情权，直至另行通知为止。如果公司决定避免行使酌情权延长重组支持协议同意费用限期，本公司将提供进一步更新数据。

公告称，在提供该等进一步更新数据前，已有效加入重组支持协议的债权人将合资格收取早鸟重组支持协议同意费用。

碧桂园的境外债务重组涉及债务的本金额为140.74亿美元。今年以来，碧桂园有意加快重组的进展，并希望能在2025年12月31日前完成。

对于境外债务重组的进展，5月29日澎湃新闻曾独家报道，截至目前，包括中国银行和工商银行等在内的关键银行仍未加入重组协议；与此同时，就如何向银行协调委员会支付1.78亿美元的补偿款，碧桂园仍未能和一个债券持有人特设小组（AHG）达成一致。

澎湃新闻还获悉，特设小组持有碧桂园“103亿美元未偿还离岸优先票据和可转换债券（美元债）”中超过30%的份额，该小组已经签署重组支持协议，但协议也明确写着1.78亿美元的补偿款支付计划需要其同意。",中国银行股份有限公司,03988.HK,中国银行
2025年06月06日 14:48,碧桂园第三次延长境外债务重组支持协议同意费限期 希望年内完成境外债务重组,"6月6日，碧桂园（02007.HK）发布公告，根据境外债务重组支持协议，继续延长重组支持协议同意费用限期，这是碧桂园第三次延长同意费用限期。

公告称，公司可酌情单方面延长早鸟重组支持协议同意费用限期和一般重组支持协议同意费用限期。有众多债权人尚未加入重组支持协议，但彼等支持建议重组。该等债权人正在办理其常规内部审批程序，办理后方可正式加入重组支持协议。

碧桂园未明确具体的日期，仅表示在目前的情况下，本公司拟在适当时候继续行使该酌情权，直至另行通知为止。如果公司决定避免行使酌情权延长重组支持协议同意费用限期，本公司将提供进一步更新数据。

公告称，在提供该等进一步更新数据前，已有效加入重组支持协议的债权人将合资格收取早鸟重组支持协议同意费用。

碧桂园的境外债务重组涉及债务的本金额为140.74亿美元。今年以来，碧桂园有意加快重组的进展，并希望能在2025年12月31日前完成。

对于境外债务重组的进展，5月29日澎湃新闻曾独家报道，截至目前，包括中国银行和工商银行等在内的关键银行仍未加入重组协议；与此同时，就如何向银行协调委员会支付1.78亿美元的补偿款，碧桂园仍未能和一个债券持有人特设小组（AHG）达成一致。

澎湃新闻还获悉，特设小组持有碧桂园“103亿美元未偿还离岸优先票据和可转换债券（美元债）”中超过30%的份额，该小组已经签署重组支持协议，但协议也明确写着1.78亿美元的补偿款支付计划需要其同意。",中国工商银行股份有限公司,01398.HK,工商银行
2025年06月06日 14:40,张传江任中国海洋石油集团有限公司董事长、党组书记,“中国海油”微信公众号消息，6月6日，中国海洋石油集团有限公司召开中层以上管理人员大会。中央组织部有关负责同志宣布了中央关于中国海洋石油集团有限公司董事长、党组书记任职的决定：张传江同志任中国海洋石油集团有限公司董事长、党组书记，免去其中国大唐集团有限公司董事、总经理、党组副书记职务。相关职务任免按有关法律和章程的规定办理。,中国海洋石油集团有限公司,600938.SH,中国海油
2025年06月06日 14:40,张传江任中国海洋石油集团有限公司董事长、党组书记,“中国海油”微信公众号消息，6月6日，中国海洋石油集团有限公司召开中层以上管理人员大会。中央组织部有关负责同志宣布了中央关于中国海洋石油集团有限公司董事长、党组书记任职的决定：张传江同志任中国海洋石油集团有限公司董事长、党组书记，免去其中国大唐集团有限公司董事、总经理、党组副书记职务。相关职务任免按有关法律和章程的规定办理。,中国海洋石油集团有限公司,00883.HK,中国海洋石油
2025年06月06日 14:38,福蓉科技：任天堂游戏主机Switch 2支架采用公司新型高强度铝合金结构件材料,"上证报中国证券网讯（记者李少鹏）6月5日，任天堂的新款游戏主机Switch 2正式全球发布。Switch 2在产品设计的许多方面与前代主机非常相似，但屏幕更大、画质更优。记者从福蓉科技了解到，公司凭借着自身的技术实力和创新能力，成功研发出新型高强度铝合金结构件材料，经加工厂加工后用于任天堂游戏主机Switch 2支架，为其卓越性能保驾护航。

公开信息显示，作为国内领先的高性能铝合金材料研发制造商，福蓉科技致力于为全球客户提供高品质、高性能的铝合金结构件材料解决方案。

据介绍，该合金材料是福蓉科技针对任天堂游戏主机支架对材料高强度、高韧性、重量轻、特殊外观效果、可调节等苛刻要求，精心研制的一款新型铝合金材料。该材料采用先进的熔铸工艺和热处理技术，具有高强度、高韧性、优异的加工性能以及可实现轻薄化等显著优势。

“公司凭借高强度铝合金材料的优异性能，成功助力任天堂游戏主机Switch 2实现轻薄与耐用的完美平衡，为用户带来极致的使用体验。”福蓉科技相关负责人表示，今后公司将继续坚持创新驱动，不断突破技术瓶颈，为全球客户提供更优质的产品和服务，推动铝合金材料行业持续发展。",福蓉科技,603327.SH,福蓉科技
2025年06月06日 14:24,佰维存储“一种芯片堆叠架构及存储设备”专利获授权,"上证报中国证券网讯（记者孔令仪）企查查APP显示，佰维存储新获得一项实用新型专利授权，专利名为“一种芯片堆叠架构及存储设备”，专利申请号为CN202421321694.4，授权公告日为2025年6月6日。

摘要显示，该实用新型属于存储领域，公开了一种芯片堆叠架构及存储设备，包括主控芯片、基板和引脚重布局后的存储芯片。通过将主控芯片堆叠设置在引脚重布局后的存储芯片上，并通过金属引线方式将主控芯片和存储芯片进行互连，将存储芯片设置在所述基板上，降低了基板走线的复杂程度，提高了传输效率。

2025年第一季度，佰维存储研发投入合计约为1.23亿元，较上年同期增长25.82%；研发投入占营业收入的比例为7.97%，较上年同期增加2.31个百分点。

（文章来源：上海证券报·中国证券网）",佰维存储,688525.SH,佰维存储
2025年06月06日 14:09,抢抓印尼铝产业风口 南山铝业再投约18.68亿元建设项目,"6月5日晚，南山铝业(600219)公告，拟在印度尼西亚合资成立公司并计划在印尼宾坦岛建设年产20万吨烧碱项目及年产16.5万吨环氧氯丙烷项目，总投资约18.68亿元人民币。

据了解，自从印尼政府宣布铝土矿不允许直接出口后，作为拥有铝土矿资源最多的国家之一，大批氧化铝企业赴印尼投资建厂。

烧碱作为氧化铝行业最重要的原材料之一，近年来随着印尼氧化铝产业的发展，需求越来越旺盛，印尼也成为了烧碱的主要进口国。同时，印尼作为亚洲最大的甘油供应国，为环氧氯丙烷项目的原材料供应提供了保障，本地化供应也进一步降低了环氧氯丙烷产品的采购成本。

据公告，南山铝业此次投资项目生产的烧碱产品主要销售给园区内的氧化铝企业，剩余部分可以在印尼国内进行销售。生产的环氧氯丙烷产品将主要在东南亚和东北亚市场进行销售，在市场选择和生产成本上较竞争对手具有竞争优势。

南山铝业表示，本次投资是基于公司海外市场中长期发展规划，是公司全球化产业布局的重要举措，有助于增强氧化铝原材料保障能力，进一步延伸上下游产业链条，发挥产业协同优势，同时积极响应当地市场需求，增强公司海外业务的弹性和韧性，助力公司海外业务持续稳健发展。

据了解，为积极响应“一带一路”倡议，以及希望通过国际合作实现互利共赢，南山铝业自2017年规划印尼宾坦工业园氧化铝项目以来，基于自身具备的领先的生产技术、营销和管理经验，该工业园已形成规模化收益。南山铝业2024年年报显示，公司于印尼拥有氧化铝200万吨在产产能与200万吨在建产能。

据南山铝业官方公众号发布，今年5月南山铝业印尼宾坦氧化铝三期项目已正式迈入试生产阶段。

作为国内铝加工龙头企业，南山铝业近年来推进国内国外双轨发展的战略布局，在国内大力发展以汽车板、航空板为代表的高端铝加工产品，同时优化产业布局，提高可再生资源应用比例；海外方面，以印尼为起点打造海外铝产业链。今年3月25日，南山铝业旗下控股子公司南山铝业国际登陆香港联交所主板，募资超20亿港元加码海外建设。

业绩方面，随着行业上行，南山铝业盈利水涨船高。今年一季度，该公司实现营业收入89.81亿元，同比增长24.32%；归母净利润17.04亿元，同比增长100.19%。",山东南山铝业股份有限公司,600219.SH,南山铝业
2025年06月06日 14:06,王自如离开格力后首发声：感谢董明珠、雷军！回应“没看过工资条”,6月6日，王自如B站账号复更宣布回归，并改名为“王自如AI”，以AI测评UP主身份二次创业。他表示：“要做AI的内容创业，高度聚焦AI应用，用AI技术帮助传统产业加速数字化转型。”对于为何选择这一赛道，他直言来钱快。他还回应了诸多争议话题，他表示，“加入格力期间，为保守商业秘密退网，用几年时间几乎重塑了从销售、仓储、物流、终端到售后的一整个销售体系。”他还称，“离开格力时是人生最糟糕的时候。”王自如也再次谈到了工资条，在视频的最后，他表示，如果真的想清楚了自己要什么，可能看工资条真的不那么重要。最后他喊话董明珠、雷军，感谢给予他的巨大鼓励和帮助。据公开资料，王自如此前是科技媒体Zealer的创始人兼CEO，数码科技评论人，还一度持有该公司67.5993%的股权，不过他于2021年8月选择退出，辞去总经理、执行董事职务。2021年，王自如入职格力电器，当时他所在的部门隶属于格力总裁办及文化培训传播中心，后者事实上属于格力的市场部门。同期，王自如辞去了自己创办的媒体ZEALER的职位。入职格力电器以后，王自如保持低调，鲜少在公共平台露面。2023年底，王自如因在广东卫视一档访谈节目中的发言引来广泛争议与关注。在该节目中，王自如表示，“我没有看过格力给我的工资条”。彼时王自如的身份为格力电器渠道改革项目负责人。2024年，王自如曾陷入“限高”风波。当年8月9日，王自如被深圳市南山区人民法院采取限制消费措施。早在当年1月，王自如已因此案被强制执行3383余万元。此案的申请执行人上海曙晖创投是ZEALER主体公司的股东之一，认缴出资额约42.79万元，持股比例约为7.48%。此后的10月23日，王自如在新浪微博发文回应被强制执行一事，表示重审申请已立案进入审查阶段，相信国家的司法体系。他公布的律师声明透露，他已于10月7日委托律师团队就此案申请再审，向法院申请暂缓执行。声明还严正通告，对于自媒体账号“捏造事实散布虚假信息”“侮辱诽谤王自如”，律所将为其追究法律责任提供法律支持。天眼查App显示，王自如名下关联3家企业，目前仅深圳市悦宸汽车美容有限公司处于存续状态，今年1月，该公司因未依照规定的期限公示年度报告，被深圳市市场监督管理局南山监管局列入经营异常名录，其余2家企业已注销，分别是深圳前海你快点科技服务有限公司、平潭青藤企业管理合伙企业（有限合伙）。王自如现存一条股权冻结信息，股权所在企业为深圳市悦宸汽车美容有限公司，冻结股权数额150万人民币。,珠海格力电器股份有限公司,000651.SZ,格力电器
2025年06月06日 13:58,比亚迪王传福：公司今年海外销量数据将会非常好 未来海外销量相信会逐月提升,比亚迪董事长王传福6月6日上午在公司2024年度股东大会上表示，公司今年海外销量数据将会非常好，未来海外销量相信会逐月提升，目前来看公司在多个海外市场销量已有逐月提升迹象。“海外市场价格较为稳定，对公司盈利帮助较大。”王传福说，海外和高端化一样是公司的重要战略。,比亚迪股份有限公司,002594.SZ,比亚迪
2025年06月06日 13:52,北京君正：模拟芯片毛利率未来不排除有波动 但幅度不会太大,北京君正6月5日在接待机构调研时表示，计算芯片主要面向消费市场，竞争比较激烈，价格波动可能会比较大；存储芯片主要面向行业市场，价格相对稳定；模拟芯片由于TI、英飞凌等价格策略比较激进，同时也有部分国内友商，市场竞争会激烈一些，可能也会需要适当调整价格来获取更多市场。公司模拟芯片毛利率今年一季度将近50%，相对比较稳定，未来不排除因为市场竞争原因毛利率有一定波动，但幅度不会太大。,北京君正,300223.SZ,北京君正
2025年06月06日 13:47,国泰海通证券举办2025年中期策略会,"6月4日至5日，国泰海通证券2025年中期策略会于上海举办。此次会议以“潮起东方，新质领航”为主题，组织了1场主论坛及33场分论坛，来自政府机构、产业、学界的逾200位演讲嘉宾与近1000家上市公司高管汇聚一堂，吸引逾5000人报名参会，组织超2000场客户交流。本次会议分论坛数量、参会人数、上市公司数量、交流场次均创公司历届策略会新高。国泰海通证券党委书记、董事长朱健出席会议并致辞，副总裁、研究与机构业务委员会总裁、政策和产业研究院院长陈忠义出席会议，研究与机构业务委员会副总裁、研究所所长路颖主持主论坛。

朱健在致辞中表示，面对复杂多变的国际局势，自去年9月以来我国推出一揽子增量政策，极大提振了全社会信心。今年一季度经济亦实现“开门红”，为完成全年经济社会发展目标打下坚实基础。“投资中国意味着更高的确定性”正在成为越来越多国内外投资者的共识，这种确定性来源于三个方面：加快推进高水平科技自立自强的确定性、持续稳定和活跃资本市场的确定性、坚定不移扩大高水平对外开放的确定性。国泰海通证券未来将始终秉承金融报国的初心，依托合并后更为雄厚、强健的资本实力，更加专业、综合的服务能力，更凸显的客户基础和渠道优势，更趋集约、高效的运营管理，更积极主动服务国家战略，扎实做好金融“五篇大文章”。始终坚持以客户为中心，以强大的资产配置能力、价值洞察力、交易执行力与全球定价能力，为客户创造更稳健的价值回报。

在4日上午的主论坛上，中国金融四十人论坛学术顾问、重庆市原市长黄奇帆，国务院发展研究中心原副主任刘世锦，中国金融四十人研究院执行院长郭凯，中国现代国际关系研究院中东研究所所长廖百智，深势科技创始人&CEO孙伟杰，分别就发展新质生产力、扩消费和结构性改革、美元资产走势、中东局势演变、人工智能应用等热点议题带来精彩演讲。

会议首日共有13场分论坛同步进行，其中，在总量分论坛上，国泰海通证券研究所展望2025年下半年宏观经济、A股市场投资策略、港股市场投资策略的观点，备受关注。

国泰海通证券宏观首席分析师梁中华在主题为《全球变局：锚定“确定性”》的演讲中表示，美债利率实际利率、通胀预期、名义利率仍存在进一步上行风险，美元存在继续贬值风险。中长期看，中国经济具有巨大的增长潜力，但短期来看，仍然存在需求端的困难和挑战需要解决。下半年宏观政策方向延续积极，或继续边际加码，尤其是7月以后关注增量政策节奏。财政政策有望进一步边际加码，同时货币政策有望进一步全面降息。

国泰海通证券策略首席分析师方奕在主题为《迈向“转型牛”》的演讲中表示，中国股市“转型牛”的格局越来越清晰，战略看多2025年。第一，经历冲击和出清调整后，投资人对经济形势的认识已然充分，其对估值收缩的边际影响减小。第二，股票价格反映的是投资者对未来的预期，而预期变动的主要矛盾，已从经济周期的波动，转变为贴现率的下降，尤其是无风险利率与风险认识的系统性降低。第三，以化解债务、提振需求与稳定资产价格的中国政策“三支箭”，以“投资者为本”的资本市场改革，以新技术新消费的商业机会涌现，有助于重新提振投资者对长期的假设，中国股市迈向“转型牛”。投资机遇方面，新兴科技是主线，周期金融是黑马。

此次策略会期间，作为国泰海通证券专业投资者服务平台，道合APP为广大专业投资者提供了多种形式的内容，包括4日下午总量分论坛全程直播、解读年中投资策略、精华金句视频也将于会后上线。此外，道合推出“新道合主题服务月”活动，围绕专业投资者关心的人形机器人、智能驾驶、AI大模型等领域，由首席分析师进行深度分享，助力专业投资者挖掘热点赛道投资机会。

此外，君弘APP、通财APP推出“中期策略会”现场直播特别节目，使海量个人客户足不出户便能领略策略会现场盛况，第一时间获取宏观、策略、新股研究、量化投资、热门行业研究观点；特设“首席对话”访谈专区，由首席投顾、首席资产配置官结合君弘智投策略及工具深度解读，全程陪伴客户投资理财需求升级；依托智能化广谱式服务模式，基于3A3R数字化运营方法论，高效串联策略观点、解读内容、指数产品与智投策略，构建完整服务链条，持续释放专业服务价值。其中，现场直播特别节目广受投资者好评，累计观看量超36万人次。

（文章来源：上海证券报·中国证券网）",国泰海通证券股份有限公司,601211.SH,国泰海通
2025年06月06日 13:36,龙津药业进入退市整理期 股价开盘跌超3成！昔日中药注射剂龙头难解单品依赖？,"6月5日，*ST龙津（002750.SZ）发布《关于公司股票进入退市整理期交易首日的风险提示公告》，其股票于2025年6月6日复牌并进入退市整理期，退市整理期的交易期限为十五个交易日，预计最后交易日期为2025年6月26日。
6月6日，龙津退股票开盘价格为0.78元，暴跌30.97%，并保持低位。
此前，*ST龙津（002750.SZ）公告称，公司于2025年5月28日收到深圳证券交易所送达的《关于昆明龙津药业股份有限公司股票终止上市的决定》，终止上市日期为2025年6月27日。
龙津药业已连亏6年，2019年至2024年，公司扣非净利润连续6年为负，分别为-3988.60万元、-252.59万元、-1030.45万元、-5734.40万元、-8110.48万元、-5046.34万元。
连年亏损或与龙津药业主导产品注射用灯盏花素销量下滑有关，2017年，龙津药业注射用灯盏花素在医保支付范围受到限制；2021年，其又以67%的降幅低价中标19省联盟集采。
在主导产品销量大幅下降的同时，龙津药业也面临产品结构单一问题。2024年财报显示，当年龙津药业营业收入为6647.92万元，中药冻干粉针剂收入为4696.98万元，中药冻干粉针剂收入占比超过70%。龙津药业此前也曾试图克服单品依赖，在工业大麻和化药仿制药领域进行布局，但其他业务并未形成有效的业绩支撑。
就退市后的发展计划、中药注射剂业务未来调整等问题，时代周报记者电话联系龙津药业证代处，对方表示一切以财报及相关公告内容为准。
核心产品收入锐减
4月29日，*ST龙津收到深交所的《终止上市事先告知书》（以下简称《告知书》）。其中指出，2024年5月6日，因龙津药业2023年度经审计的净利润为负值且营业收入低于1亿元，其股票交易被实施退市风险警示。
《告知书》称，2025年4月25日，*ST龙津股票交易被实施退市风险警示后的首个年度报告显示，其2024年度经审计的利润总额、净利润、扣除非经常性损益后的净利润三者孰低为负值，且扣除后的营业收入低于3亿元。*ST龙津已触及深交所股票终止上市情形，深交所拟决定终止其股票上市交易。
时代周报记者查阅往年财报数据发现，龙津药业上市后前三年营收表现较为稳健，2015年-2017年，该公司扣非净利润为0.54亿元、0.58亿元、0.19亿元。业绩拐点出现在2018年，其扣非净利润下降84.67%。2019年至2023年，公司扣非净利润连续五年为负。
2024年，龙津药业业绩颓势未能得到扭转。根据2024年年报，*ST龙津实现营业总收入6647.92万元，同比下降23.25%；归母净利润亏损4144.36万元。2025年一季报显示，*ST龙津营业收入590.18万元，同比下降77.64%。
龙津药业的核心产品注射用灯盏花素曾是公司主要的收入来源，但随着政策调整与行业监管趋严的影响，其销量下滑。该产品在2017年医保支付范围受到限制，仅限二级以上医院用于特定心脑血管急性期患者。
2021年，龙津药业注射用灯盏花素以67%的降幅低价中标19省联盟集采，同时其首年总采购量仅370余万支/瓶且由4家企业分摊，分得的“集采蛋糕”较为有限。
龙津药业面临业绩困境的背后，是中药注射剂行业的不景气。近年来，随着监管持续加码，中药注射剂企业面临医保控费、临床使用监管、药品说明书修订等情况。
早在2009年，我国就启动了中药注射剂的再评价工作；2017年国家医保目录对39种中药注射剂实施严格报销限制，此后大量产品被列入重点监控目录；2018年起，国家药品监督管理局多次要求修改说明书，进一步限制使用场景和适用人群。
2022年1月11日，国家药品监督管理局发布公告，注销莲必治注射液药品注册证书，成为首个被国家药品监督管理局发文停止产销的中药注射液。
今年3月13日，国家药品监督管理局发布公告称，决定对炎琥宁注射剂说明书内容进行修改，其中增加了黑框警告，其中注明，接受本品治疗的患者有发生严重过敏反应的风险，包括过敏性休克，严重者可导致死亡，6岁及以下儿童禁用本品。
药融云数据显示，中药注射剂院内市场规模从2016年的880.58亿元骤降至2022年的406.14亿元，缩水超50%。
北京中医药大学卫生健康法治研究与创新转化中心主任邓勇教授曾分析称，在国家政策管控趋严下，安全性再评价压力大、医保与使用限制、市场竞争激烈、舆论与信任危机以及研发创新难度大是中药注射剂企业面临的主要挑战。
转型之路艰难
医药行业资深营销专家李众在接受时代周报记者采访时表示，中药注射剂行业受到国家政策和集采的影响逐渐趋紧，因此，靠中药注射剂单一品种立足的企业越来越少。
而在中药注射剂业务受限的同时，龙津药业产品结构单一或也是业绩下滑的原因之一。龙津药业在2024年年报中就指出，产品结构单一是公司多年来面临的短板，除注射用灯盏花素外，报告期内已上市的化学仿制药产品收入规模较小。
龙津药业此前曾尝试克服单品依赖，加大研发投入，布局多元转型。如2019年2月，龙津药业曾以不超过1500万元对云南牧亚农业科技有限公司增资并取得其51%股权，布局规模化工业大麻种植。
在仿制药领域，直至2024年底，龙津药业旗下才出现首个获批生产的化学仿制药枸橼酸西地那非口崩片，但此时男科药物市场已较为饱和。时代周报记者查询摩熵药筛数据显示，截至目前，仅枸橼酸西地那非口崩片已上市药品批文就达到20家，竞争激烈，龙津药业错失入局黄金期。
龙津药业2024年年报显示，其2024年药品收入为4830.99万元，占比72.67%；工业大麻花叶收入为1372.47万元，占比20.65%；其他产品收入444.46万元，占比6.69%。而在2023年，龙津药业药品收入占营业收入比重达86.00%。
具体来看，在龙津药业2024年4830.99万元的药品收入中，中药冻干粉针剂收入为4696.98万元，在药品收入中占比超97%。
龙津药业在2024年年报中也坦言，公司一直通过研发和对外投资致力于业务增长，但药品研发周期长，短时间产品线难以迅速增加，且对外投资取得收益不确定性大、风险控制难度大，并未对公司产品结构带来改观，公司盈利能力和整体抗风险能力仍然较弱。
对于单品依赖高的传统中药注射剂企业而言，如何应对上述挑战并推动转型，邓勇曾指出，要进行产品多元化拓展。利用现有的中药资源和技术，开发口服制剂、外用制剂等其他剂型产品，降低对注射剂的依赖，如将部分中药注射剂的有效成分开发成口服片剂、胶囊等。
除开发新剂型外，邓勇也表示，中药注射剂企业可进军药食同源产品领域，拓展大健康产品；同时，也应加强创新研发投入，针对中药注射剂的安全性和有效性进行深入研究；此外，也可进行品牌建设与营销创新，并通过市场与品牌策略拓展国际市场。",昆明龙津药业股份有限公司,002750.SZ,龙津退
2025年06月06日 13:33,北京君正：3D DRAM目前研发进展基本符合预期,北京君正6月5日接待了西部证券、摩根大通、平安证券等调研。公司董事会秘书张敏表示，3D DRAM还在研发中，目前研发进展基本符合预期。由于3D DRAM作为定制化产品，可以满足客户个性化的需求，同时相比HBM可以更好地提供带宽和功耗支持，所以我们接触到的不少客户对3D DRAM感兴趣，不过我们感觉市场总体还在探索阶段，可能今年市场还不会有量产的产品。针对EDA（电子设计自动化）限制是否对公司有影响的问题，张敏回复，目前还不好确定。,北京君正集成电路股份有限公司,300223.SZ,北京君正
2025年06月06日 13:33,北京君正：3D DRAM目前研发进展基本符合预期,北京君正6月5日接待了西部证券、摩根大通、平安证券等调研。公司董事会秘书张敏表示，3D DRAM还在研发中，目前研发进展基本符合预期。由于3D DRAM作为定制化产品，可以满足客户个性化的需求，同时相比HBM可以更好地提供带宽和功耗支持，所以我们接触到的不少客户对3D DRAM感兴趣，不过我们感觉市场总体还在探索阶段，可能今年市场还不会有量产的产品。针对EDA（电子设计自动化）限制是否对公司有影响的问题，张敏回复，目前还不好确定。,西部证券股份有限公司,002673.SZ,西部证券
,,,,,
,,,,,
2025年06月06日 13:21,广汽集团、长安汽车入股辰致科技,人民财讯6月6日电，企查查APP显示，近日，辰致科技有限公司发生工商变更，新增广汽集团旗下广汽零部件有限公司、长安汽车为股东，注册资本由3.60亿元增至约5.54亿元，同时多位高管发生变更。企查查信息显示，辰致科技有限公司成立于2022年11月，法定代表人为张东军，经营范围包含汽车零部件研发，工业机器人制造，电力电子元器件制造等。,广汽集团,02238.HK,广汽集团
2025年06月06日 13:21,广汽集团、长安汽车入股辰致科技,人民财讯6月6日电，企查查APP显示，近日，辰致科技有限公司发生工商变更，新增广汽集团旗下广汽零部件有限公司、长安汽车为股东，注册资本由3.60亿元增至约5.54亿元，同时多位高管发生变更。企查查信息显示，辰致科技有限公司成立于2022年11月，法定代表人为张东军，经营范围包含汽车零部件研发，工业机器人制造，电力电子元器件制造等。,长安汽车,000625.SZ,长安汽车
2025年06月06日 13:18,海外618前 Labubu成为阿里速卖通搜索词第一名,Labubu大火，带动全球消费者上中国跨境电商平台抢购。海外618前夕，记者了解到，Labubu已经飙升为阿里速卖通Top1的搜索词。据透露，今年海外618，泡泡玛特还将继续在速卖通上发售Labubu等热门IP。,泡泡玛特国际集团有限公司,09992.HK,泡泡玛特
2025年06月06日 13:10,派斯林：携手西门子打造数字化转型产业链生态,"中证报中证网讯（王珞）在日前举行的2025年西门子Realize Live大会上，派斯林相关负责人演讲时表示，作为全球领先的工业自动化系统集成服务商，派斯林聚焦人工智能与数字化融合，通过整合软件、硬件和服务进一步提升工业制造敏捷性，逐步构建起智能、高效、绿色的行业生态矩阵。公司将持续拓展技术与产品创新，携手西门子等企业打造数字化转型产业链生态，为客户制定全新的数字化企业生产解决方案，全面提升市场竞争力。

本届Realize Live作为西门子数字化工业软件年度盛会，共有2500多名合作伙伴及行业专家参会，聚焦人工智能与数字化深度融合，共同分享工业最佳实践，进行产业深度洞察，为制造业未来发展提供思路。派斯林核心子公司美国Paslin公司应邀出席大会并入围“数字化转型技术卓越奖”提名。

上述负责人表示，未来将持续顺应市场变化，联合生态链企业不断增强公司在模拟仿真、数字孪生、人工智能、智能机器人、工业软件领域的数字化产业链资源整合集成能力，满足制造流程工业自动化、数字化、智能化需求，实现从机械设计到电气系统、从软件到自动化全维度覆盖，在工业化系统集成制造自动化领域实现更大突破，推动全面数字化转型。",派斯林,600215.SH,派斯林
2025年06月06日 13:10,燕京啤酒董事长耿超：践行可持续发展战略 高质量完成“五战五胜”既定目标,"中证报中证网讯（王珞）“这是我们连续第三年举办机构投资者交流会，今年的2025年度分析师及投资者交流会，80多家机构及个人投资者共100余人参会，我们非常珍惜和大家面对面沟通的机会，公司必将以更加优异的业绩，高质量完成‘十四五’‘五战五胜’的既定目标”,在6月5日举行的“出彩2024 践行变革的力量”燕京啤酒2025年度分析师及投资者交流会投资者上，燕京啤酒董事长耿超说。
近4年来，燕京啤酒业绩持续增长，不断刷新纪录。“在消费场景弱复苏的大背景下，行业增速放缓、步入存量竞争已是预料之中，我们以变革为主线，在变局中破局，穿越经济周期，业绩连续四年持续强势增长。”耿超介绍。
燕京啤酒2024年度报告显示，2024年公司实现啤酒销量400.44万千升，同比增长1.57%。全年实现营收约146.67亿元，同比增长3.2%；归属于上市公司股东的净利润约10.56亿元，同比增长63.74%；扣除非经常性损益后的归属于上市公司股东的净利润约为10.41亿元，同比增长108.03%。以2020年为基数，燕京啤酒4年来营业收入增长约34%；净利润增长约4.4倍。
耿超表示：“2024年，燕京啤酒深入践行可持续发展战略，系统性推进九大变革战略落地，持续构建长期竞争优势，以新发展理念推进卓越管理体系、市场布局、供应链建设等重点工作，提升管理效能和品牌势能，增强市场活力，实现了‘战略落地—品牌焕新—效益跃升’的三重突破”。
耿超表示，2024年，公司大单品战略持续有效推进，燕京U8表现亮眼，成为业内近年来增速最快的大单品。
燕京U8自上市以来，“小度酒大滋味”的产品核心特质得到了消费者的广泛认可，销量不断攀升。2020年上市第一年11万千升、2021年25万千升、2022年38万千升、2023年53万千升，2024年70万千升，一年一个台阶，四年复合增长率高达62%。
数据显示，四年时间，燕京U8在燕京整体销量中的占比提高了14个百分点，有效带动了产品结构的优化，也为公司利润的持续抬升提供了重要支撑。值得一提的是，从营收规模来看，燕京啤酒2024年提升至国内第四位。
燕京啤酒2025年第一季度报告显示，报告期内，公司实现啤酒销量99.5万千升（含托管企业），大单品燕京U8继续保持30%以上的高增速；实现营业收入38.27亿元，同比增长6.69%；归属于上市公司股东净利润1.65亿元，同比增长61.10%；归属于上市公司股东的扣除非经常性损益净利润1.53亿元，同比增长49.11%；基本每股收益0.0586元，同比增长60.99%。
对此，耿超表示，2025年一季度，燕京啤酒延续高质量发展态势，系统性推进九大变革持续落地，其中大单品燕京U8继续保持30%以上的高增速，一季度的“开门红”为全年目标达成奠定坚实基础。
燕京啤酒在兼顾业绩增长及高质量可持续发展的同时，还持续强化回报股东的意识，实施连续、稳定的利润分配政策，重视投资者的合理投资回报。自1997年上市以来，燕京啤酒持续向广大股东进行现金分红，累计分红近40亿元。
值得一提的是，燕京啤酒在2024年年报中表示，董事会提议以公司现有总股本2818539341股为基数，2024年度每10股派发现金股利1.90元（含税），共计535522474.79元，现金分红占当年实现归属于上市公司股东的净利润的50.73%，现金分红金额同比增长90%。
“面向未来，我们目标明确，将以更加鲜明的态度持续推进变革，潜心做好啤酒，用奋斗书写新的燕京故事，努力将‘增长’和‘变革’塑造为燕京发展的新标签。”耿超表示。",北京燕京啤酒股份有限公司,000729.SZ,燕京啤酒
2025年06月06日 13:10,万兴科技董事长吴太兵：AI Agent重构创意软件生态,"中证报中证网讯（记者康曦）近日，万兴科技董事长吴太兵作为中国数字创意软件出海企业代表，出席第16届亚洲领导力会议（ALC），并发表“AI重构创意软件生态”主题演讲。

吴太兵现场阐述了全球创意设计产业三大发展趋势：创意平权推动产业大规模发展；大模型引领的AIGC技术助力产业提速；AI Agent重构创意软件生态。他认为，全球创作者正迎来“黄金时代”。如何让普通用户的创意能力实现同步跃升已成为数字创意产业的关键命题。AI技术正颠覆产业，加速改变全球应用生态布局，AIGC生成的内容已逐渐占据主导地位。技术应该让创意更简单、机会更平等。未来，打通AI到用户层“最后一公里”的企业，将占据90%的市场收益。

在AI Agent浪潮下，吴太兵表示，以MCP、A2A类技术为基础的AI Agent正在构建人机协同的新型生产关系，将重构创意软件生态。具备“一站式集成多种能力、可随时取用”显著特征的MaaS（模型即服务），极有可能成为未来软件服务领域的重要模式。

吴太兵还展望了10年后创意软件产业生态图景，将呈现“全场景智能体协作网络”“多模态融合与感知进化”“开源生态与定制化AI模型并存”“分布式创作与虚实共生”的四大核心特征，AI将实现从工具到“设计伙伴”的范式转变。创意设计软件将成为连接人类想象力与数字世界的核心枢纽。如何在技术进步中保持人性化与伦理的平衡，将是未来十年产业面临的关键课题。",万兴科技,300624.SZ,万兴科技
2025年06月06日 13:10,麦角硫因究竟是不是“假药”？科伦药业公开回应饶毅多条质疑,"科伦药业（002422.SZ）股价连续两日因知名生物学家饶毅的公开质疑而受挫。饶毅于6月5日发表《假药靠肌肉男真人“赤膊上阵”，真药伟哥仅以小小“老鼠作证”》一文，直指科伦药业董事长刘革新代言的麦角硫因胶囊为“假药”。

针对饶毅的质疑，科伦药业于6月6日通过官方微信公众号回应称，饶毅文中“未获药品批准即属无效”的论断“有点武断和对膳食补充剂存有偏见”，并称，“麦角硫因的定位是健康管理工具，当下麦角硫因是国际上公认的膳食补充剂，而非药品，又何来假药一说？”

不难看出，麦角硫因产品资质问题成为争议核心。针对饶毅提出的“如果它确实能够对动物或人有延年益寿的作用，早就会有人提供足够证据获得药监部门批准”的质疑，科伦药业援引权威期刊回应，称在代谢研究领域国际顶级期刊《Cell Metabolism》（影响因子：27.7）连续发表的两项独立研究中，麦角硫因被证实通过双重机制介导健康衰老，以及在临床研究中，多国、双盲试验验证多场景有效性。

在麦角硫因安全性上，科伦药业回应，在欧美、日本等发达国家，麦角硫因已被列为新型食品补充剂或功能保健食品成分，例如美国FDA授予GRAS（公认安全GRN 000734）认证，欧洲食品安全局批准其作为新型食品补充剂（EU 2017/2470）等。

同时，科伦药业也回应称“国家卫生健康委员会2024年受理麦角硫因的新食品原料申请”。记者通过官网查询，2024年5月17日，麦角硫因作为新食品原料的申请获国家卫健委受理。但截至目前，该申请仍处于审查阶段，的确尚未完成备案。

针对饶毅提出的“科伦药业通过营销欺骗消费者”，并称“大肆推广麦角硫因，就是商人不顾廉耻进行蒙人的一个例子”的说法，科伦药业回应称，“欢迎学术界、监管部门及消费者对我们的研究与产品进行监督，呼吁行业以客观态度审视新兴科技。”",四川科伦药业股份有限公司,002422.SZ,科伦药业
2025年06月06日 13:08,王传福：不拉踩别人 这是我们的原则,6月6日，在比亚迪2024年度股东大会上，比亚迪董事长王传福在回答股东提问时表示，我们从来不拉踩别人，只做好自己。但是我们也在想办法做一些改变，通过数据、推广、活动等，把我们的技术优势展示得更透彻。,比亚迪股份有限公司,002594.SZ,比亚迪
2025年06月06日 13:02,武汉打造AI之城 229家企业接入百度飞桨技术支持,AI搭建电力负荷预测模型，准确率提升至86%；搭载低空视觉AI中台的无人机变身巡检员，让森林“无人值守”不再困难……5日下午，第一财经记者探访百度飞桨（武汉）人工智能产业赋能中心，中心通过提供模型开发、技术培训、场景化解决方案、硬件适配及产业资源对接等一站式服务，加速大模型与产业场景的深度融合，助力企业实现智能化升级。百度 AI 技术生态副总经理周奇表示，在湖北，百度飞桨技术已累计服务四千多家企业，在武汉重点赋能229家企业，拓展29家飞桨技术合作伙伴，培育出23个基于文心大模型/飞桨的生态AI产品。当前用户用电习惯日益多样化，以电价导向的削峰填谷模式为代表的常见微电网商业模式，已难以满足复杂多变的用电需求。易睿德（武汉）物联网有限公司CEO李宗锦介绍，在此背景下，微电网应用构建时序模型变得更加重要。易睿德 EasyTable 智慧能源管理系统基于飞桨实现的负荷预测模型，能够制定更为科学合理的能源调配策略，电力负荷预测准确率从50%提升至86%，光伏发电预测准确率达到83%，储能调度效率提升40%。李宗锦举例说，搭载智慧能源管理系统的武汉新能源研究院，综合降本达到30.05%，每年可产生约30万度清洁电能，碳减排超250吨，相当于约1.1万棵树一年吸收的二氧化碳总量。除了能源领域，低空经济也正成为推动产业升级的新引擎。从城市治理、物流配送、应急救援到智慧农业、文旅消费，无人机的应用场景已渗透至各行各业。普宙科技智慧城市事业部总经理杨凯介绍，基于百度飞桨平台低空视觉人工智能算法，普宙科技开发的无人机有了“火眼金睛”，统计车流量准确率提升至96%，烟火识别准确率提升至95%，在智慧城市、应急消防、电力巡检等领域受到市场青睐，为全球100多个城市服务。据了解，普宙科技基于飞桨构建的低空视觉 AI 中台，构建了覆盖城市管理、交通监测、森林防火、水域治理等场景的“无人值守”监管体系。以往，工作人员受限于巡查方式与监控手段，要几个小时甚至第二天才能发现，此时火势可能已蔓延扩大。而现在，系统能自动识别烟雾及时告警，工作人员可以第一时间赶到现场处理，增强了针对区域公园、农田等场所私自燃烧行为的巡检及时性，巡查效率提升了200%。周奇表示，当下，AI 技术正在从实验室走向田间地头。武汉正深入实施“人工智能＋”行动，全面推进人工智能技术突破与产业融合。作为AI赋能的“ 最后一公里”，百度飞桨（武汉）人工智能产业赋能中心希望助力武汉建设AI之城，让AI从“可用”走向“好用”“常用”。,百度,105.BIDU,百度
2025年06月06日 13:00,华润置地将参与沈阳乐天项目盘活：项目已停滞近9年，曾是韩国企业在沈阳最大投资,6月5日，据“华润置地”消息，华润置地将参与沈阳乐天项目盘活。资料显示，项目所在地块在2008年由韩国乐天集团获取并100%控股，原规划为一个集百货、影院、购物中心、室内主题乐园、酒店、写字楼及高端住宅于一体的大型城市综合体，总计容面积达107万平方米。项目共分为三期开发，其中一期已建成并投入使用，包括乐天百货、影院及部分住宅，二期、三期包含主题乐园、酒店、购物中心、写字楼及超高层地标等，已完成约三分之一开发强度。沈阳乐天项目曾是韩国企业在沈阳投资的最大项目。乐天荣光地产（沈阳）有限公司在沈阳皇姑区投资建设的大型游乐商业综合体“沈阳乐天世界”，总用地面积165944平方米，分三期建设：一期工程建设内容包括大型商场、影院以及住宅，建筑面积639376平方米；二期工程建设内容包括大型购物中心、大型室内外主题乐园、写字楼、公寓、酒店，建筑面积643769平方米；三期工程建设内容为地标塔，建筑面积147815平方米，项目总投资70亿元。2008年乐天项目奠基，2014年乐天一期项目完工，随后乐天百货开业，项目的二期工程主题公园等也正式启动建设。按照当时的规划，沈阳乐天规划要超过首尔项目，不过由于多重因素影响，该项目2016年百货停业，在建购物中心、主题乐园停工，项目就此停滞。2023年3月，在北京举办的辽宁省与央企深化合作座谈会上，辽宁省正式向华润集团提出了参与乐天项目盘活、修复城市伤疤的期望，同年8月，双方签署了战略合作协议，华润置地东北公司全面参与该地块的整改工作。2024年9月20日，华润置地披露的信息显示，2024年8月华润置地收购了沈阳皇姑区乐天商住项目地块，总楼面面积27.84万平方米，权益对价15.9亿元。该地块为皇姑北站北新商业综合体地块，原为乐天世界项目二期。华润置地将该地块住宅部分案名正式确定为“中寰悦府”。资料显示，原规划住宅与商业部分分布在东、西两宗地块上，经过重新规划后，地块东侧调整为住宅用地，西侧调整为商业用地。,华润置地有限公司,01109.HK,华润置地
2025年06月06日 12:46,比亚迪王传福：未来3年—5年将推出一系列智驾相关技术,6月6日上午，比亚迪董事长王传福在公司2024年度股东大会上表示，公司今年海外销量数据将会非常好，未来海外销量相信会逐月提升，目前来看公司在多个海外市场销量已有逐月提升迹象。 “海外市场价格较为稳定，对公司盈利帮助较大。”王传福说，海外和高端化一样是公司的重要战略。 比亚迪2024年股东会现场中国证券报·中证金牛座记者黄灵灵/摄 王传福表示，未来3年—5年，公司将推出一系列智能驾驶技术。“公司将发布一系列技术，每一场技术发布会都将解决一个大问题，较大提升智能驾驶体验。” 比亚迪将智能驾驶列为公司重要战略之一，并将安全放在首要位置。如何保证安全是发展智能驾驶的第一要务，其次才是替代人类驾驶，尤其是完成驾驶中的“脏活累活”，比如泊车等。,比亚迪股份有限公司,002594.SZ,比亚迪
2025年06月06日 12:44,罗乾宜出任东方电气集团董事长、党组书记,6月6日，中国东方电气集团有限公司官网“管理团队”栏目近日更新显示，罗乾宜已出任东方电气集团董事长、党组书记。此前，罗乾宜担任中国机械工业集团有限公司董事、总经理、党委副书记。,东方电气集团有限公司,01072.HK,东方电气
2025年06月06日 12:25,监管部门回应康方生物“临床试验抗癌药流入市场”：正展开调查,近日有媒体报道，重庆市一名宫颈癌患者李某美2024年4月在重庆大学附属肿瘤医院住院期间，经主治医生李某介绍，在康方生物医药代表处花费7万多元购买了多支名为卡度尼利单抗注射液的抗癌药。随后李某美发现该药“仅供临床研究使用”。康方生物6月4日在给媒体的声明中表示，经公司内部自查并初步核实，重庆销售人员通过伪造研究立项文件及医院伦理批件等材料，以研究者发起的药品上市后临床研究的名义，从公司骗取了若干药物，并无偿给予患者李某美使用。6月5日，记者致电重庆市药品监督管理局，工作人员表示正依法依规对事情展开调查。,康方生物,09926.HK,康方生物
2025年06月06日 12:25,小鹏“联姻”华为 谁是最大赢家？,曾经打过“口水仗”的小鹏和华为，如今官宣合作。6月5日，小鹏汽车联合华为智能汽车解决方案发布了车载AR-HUD（增强现实抬头显示）——“追光全景”抬头显示。小鹏汽车介绍，该技术将首发搭载于即将上市的全新G7车型上，以打造一款“来自未来的汽车”。小鹏表示，目前市面上汽车厂商提供的AR-HUD在实际应用中普遍存在看不清、晕眩、遮挡视线等问题。而小鹏汽车联合华为能给用户带来更好的AR-HUD体验。实际上，用抬头显示技术（HUD）取代仪表盘正成为主机厂、供应商们竞相追逐的方向。在今年1月的CES展会上，宝马展示了视平线全景显示（P-HUD）及3D抬头显示等技术，搭载P-HUD的宝马新世代车型将在今年量产。在日前亮相的小米YU7上，也采用了全景P-HUD技术。与P-HUD技术相比，AR-HUD的优势在于沉浸式交互、能够深度整合智驾场景等。举例来讲，AR-HUD技术能实现将导航箭头、车道线、障碍物预警等虚拟信息精准叠加到真实道路场景中，实现“所见即所行”。例如，小鹏与华为合作的AR-HUD可将导航光毯直接投射在路面，并在岔路口标记禁行方向，大幅降低走错路概率。而P-HUD仅在挡风玻璃下沿的固定区域显示基础信息。高工智能汽车研究院监测数据显示，2024年，中国市场（不含进出口）乘用车前装标配W/AR HUD交付356.49万辆，前装搭载率提升至15.55%。其中，AR-HUD前装标配搭载量合计达到88.43万辆，同比增长273.42%。目前，华为的AR-HUD技术主要搭载在仰望U8、问界M8和问界M9上。小鹏和华为合作的消息一经发出，资本市场也对此看好。6月4日港股开盘后，小鹏汽车股价一度涨超4%，截至收盘上涨2.73%，市值突破1200亿港元。从互怼到相爱这不是小鹏和华为的首次合作。有接近小鹏的知情人士透露，至少在2022年，小鹏已经加入华为的零部件“朋友圈”，华为扮演Tier 1角色。2024年 ，小鹏 P7 + 车型首次搭载华为 HiCar 融合桌面，已经能够实现手机与汽车的无缝数据流转。但双方的合作也有插曲，在AEB技术路线上打了一场“口水仗”。2023年11月，小鹏汽车董事长兼 CEO何小鹏在接受媒体采访时暗指部分车企夸大宣传，“友商讲了AEB，我认为99%是假的。”华为常务董事、终端BG董事长余承东则“隔空回应”：“有些车企甚至连 AEB 的基本功能都没能做好”。这场争论表面聚焦在AEB技术路线之争，实则为智能驾驶话语权与市场份额争夺的缩影。华为认为，在复杂多变的场景下，需要优先确保系统能够触发制动，以此来规避可能出现的碰撞风险。小鹏则强调如果车辆的 AEB 系统过度介入，很可能会干扰驾驶员的正常驾驶体验，甚至有可能引发其他危险情况。懂车帝的一场AEB实测加速了这场争论的终结。在当时实测中，小鹏G9夜间AEB测试垫底。仅过了7天，何小鹏就在社交媒体表达公开和解。在这场论战后，华为在汽车智能化领域拥有更多的话语权，小鹏则在汽车智能化赛道上持续发力。今年2月，何小鹏也和多位小鹏汽车高管会见了华为创始人任正非。当时小鹏汽车副总裁已经透露，今年小鹏新品会和华为合作。此前也有媒体报道，小鹏或将购买华为昇腾芯片加码数据中心算力基建，能够助力小鹏实现“数据-算法-硬件”闭环。在未来，小鹏和华为的合作还将继续。华为智能车载光领域总裁陈双宝在发布会现场透露，包括小鹏G7在内，未来将会有更多小鹏汽车旗下新产品陆续搭载这一技术方案。小鹏加速技术平权，华为迈向“超级供应商”双方的合作不亚于是汽车智能化领域的一次“强强联合”。对小鹏来说，此次拥抱华为能够与其形成“能力互补”，赋能产品差异化优势。今年以来，小鹏开始推动技术下沉。依靠中低端市场的双车战略——小鹏MONA M03和小鹏P7+，小鹏直接扭转去年的销量颓势。今年1月至5月，小鹏汽车累计交付新车16.26万辆，同比增长293%。此次借助华为在AR-HUD软硬件领域的量产技术，小鹏能节省研发成本，并将高端技术下沉至主流市场。本次首搭的全新小鹏G7，定位25万级纯电中型SUV，主打家庭用户市场。市场期待全新小鹏G7再次为小鹏画出销量增长曲线。对华为而言，小鹏是华为首次在座舱领域展开合作的新势力车企。此前华为的客户主要集中在传统车企和跨国车企阵营，目前华为在汽车圈的影响力还在继续扩大。余承东曾公开表示，华为不造车，要做“要做智能汽车的超级供应商”。而华为进军汽车产业有三种模式，一是提标准化Tier 1；二是Hi模式，提供驾驶辅助方案、智能座舱等解决方案，如北汽极狐阿尔法搭载的华为解决方案；三是智选模式，即鸿蒙智行，通过华为主导车辆设计和用户定义等，这一模式主要是现存的“五界”。Tier 1模式是华为合作对象范围最广的模式，其客户包括奔驰、奥迪、丰田、比亚迪等国内外车企。在Tier 1供应商模式下，车企以采购软软件模块为主，华为不提供全栈式解决方案。这次华为和小鹏的合作分工明确，华为的角色更像是Tier 1供应商。据发布会上透露的信息，本次合作中，华为聚焦自研车规级成像模组和AR构图引擎构建的AR-HUD底座，小鹏负责全场景AR-HUD应用、人因体验HIM布局和整车数据。此次合作的AR-HUD领域也是华为的强项。盖世汽车数据显示，2024年中国市场前装搭载 AR-HUD中，华为的市占率达 16.8%，排名第四。在AR-HUD领域，华为之所以能在一众专业面板显示商中跑赢大盘，主要得益于其自研LCoS方案。国泰海通证券在一份研报中指出，华为是首家将车规级自研的LCoS方案 AR-HUD引入量产的企业，其自研的LCoS技术方案最大的优势在于内部芯片可以实现国产化替代。这一创新正推动智能化竞争进入新阶段。中金此前发布研报称，在汽车智能化逐步下沉的当下，车载显示技术作为智能座舱人机交互的核心组成部分，将迎来快速技术迭代与规模化应用。面对日益激烈的智能化竞赛和用户对极致智能化体验的需求，要在这一轮竞争中胜出，仅凭单项技术的领先已远远不够，华为与小鹏形成“能力互补”，构建开放协同的生态系统或是关键。,小鹏汽车,09868.HK,小鹏汽车
2025年06月06日 12:25,小鹏“联姻”华为 谁是最大赢家？,曾经打过“口水仗”的小鹏和华为，如今官宣合作。6月5日，小鹏汽车联合华为智能汽车解决方案发布了车载AR-HUD（增强现实抬头显示）——“追光全景”抬头显示。小鹏汽车介绍，该技术将首发搭载于即将上市的全新G7车型上，以打造一款“来自未来的汽车”。小鹏表示，目前市面上汽车厂商提供的AR-HUD在实际应用中普遍存在看不清、晕眩、遮挡视线等问题。而小鹏汽车联合华为能给用户带来更好的AR-HUD体验。实际上，用抬头显示技术（HUD）取代仪表盘正成为主机厂、供应商们竞相追逐的方向。在今年1月的CES展会上，宝马展示了视平线全景显示（P-HUD）及3D抬头显示等技术，搭载P-HUD的宝马新世代车型将在今年量产。在日前亮相的小米YU7上，也采用了全景P-HUD技术。与P-HUD技术相比，AR-HUD的优势在于沉浸式交互、能够深度整合智驾场景等。举例来讲，AR-HUD技术能实现将导航箭头、车道线、障碍物预警等虚拟信息精准叠加到真实道路场景中，实现“所见即所行”。例如，小鹏与华为合作的AR-HUD可将导航光毯直接投射在路面，并在岔路口标记禁行方向，大幅降低走错路概率。而P-HUD仅在挡风玻璃下沿的固定区域显示基础信息。高工智能汽车研究院监测数据显示，2024年，中国市场（不含进出口）乘用车前装标配W/AR HUD交付356.49万辆，前装搭载率提升至15.55%。其中，AR-HUD前装标配搭载量合计达到88.43万辆，同比增长273.42%。目前，华为的AR-HUD技术主要搭载在仰望U8、问界M8和问界M9上。小鹏和华为合作的消息一经发出，资本市场也对此看好。6月4日港股开盘后，小鹏汽车股价一度涨超4%，截至收盘上涨2.73%，市值突破1200亿港元。从互怼到相爱这不是小鹏和华为的首次合作。有接近小鹏的知情人士透露，至少在2022年，小鹏已经加入华为的零部件“朋友圈”，华为扮演Tier 1角色。2024年 ，小鹏 P7 + 车型首次搭载华为 HiCar 融合桌面，已经能够实现手机与汽车的无缝数据流转。但双方的合作也有插曲，在AEB技术路线上打了一场“口水仗”。2023年11月，小鹏汽车董事长兼 CEO何小鹏在接受媒体采访时暗指部分车企夸大宣传，“友商讲了AEB，我认为99%是假的。”华为常务董事、终端BG董事长余承东则“隔空回应”：“有些车企甚至连 AEB 的基本功能都没能做好”。这场争论表面聚焦在AEB技术路线之争，实则为智能驾驶话语权与市场份额争夺的缩影。华为认为，在复杂多变的场景下，需要优先确保系统能够触发制动，以此来规避可能出现的碰撞风险。小鹏则强调如果车辆的 AEB 系统过度介入，很可能会干扰驾驶员的正常驾驶体验，甚至有可能引发其他危险情况。懂车帝的一场AEB实测加速了这场争论的终结。在当时实测中，小鹏G9夜间AEB测试垫底。仅过了7天，何小鹏就在社交媒体表达公开和解。在这场论战后，华为在汽车智能化领域拥有更多的话语权，小鹏则在汽车智能化赛道上持续发力。今年2月，何小鹏也和多位小鹏汽车高管会见了华为创始人任正非。当时小鹏汽车副总裁已经透露，今年小鹏新品会和华为合作。此前也有媒体报道，小鹏或将购买华为昇腾芯片加码数据中心算力基建，能够助力小鹏实现“数据-算法-硬件”闭环。在未来，小鹏和华为的合作还将继续。华为智能车载光领域总裁陈双宝在发布会现场透露，包括小鹏G7在内，未来将会有更多小鹏汽车旗下新产品陆续搭载这一技术方案。小鹏加速技术平权，华为迈向“超级供应商”双方的合作不亚于是汽车智能化领域的一次“强强联合”。对小鹏来说，此次拥抱华为能够与其形成“能力互补”，赋能产品差异化优势。今年以来，小鹏开始推动技术下沉。依靠中低端市场的双车战略——小鹏MONA M03和小鹏P7+，小鹏直接扭转去年的销量颓势。今年1月至5月，小鹏汽车累计交付新车16.26万辆，同比增长293%。此次借助华为在AR-HUD软硬件领域的量产技术，小鹏能节省研发成本，并将高端技术下沉至主流市场。本次首搭的全新小鹏G7，定位25万级纯电中型SUV，主打家庭用户市场。市场期待全新小鹏G7再次为小鹏画出销量增长曲线。对华为而言，小鹏是华为首次在座舱领域展开合作的新势力车企。此前华为的客户主要集中在传统车企和跨国车企阵营，目前华为在汽车圈的影响力还在继续扩大。余承东曾公开表示，华为不造车，要做“要做智能汽车的超级供应商”。而华为进军汽车产业有三种模式，一是提标准化Tier 1；二是Hi模式，提供驾驶辅助方案、智能座舱等解决方案，如北汽极狐阿尔法搭载的华为解决方案；三是智选模式，即鸿蒙智行，通过华为主导车辆设计和用户定义等，这一模式主要是现存的“五界”。Tier 1模式是华为合作对象范围最广的模式，其客户包括奔驰、奥迪、丰田、比亚迪等国内外车企。在Tier 1供应商模式下，车企以采购软软件模块为主，华为不提供全栈式解决方案。这次华为和小鹏的合作分工明确，华为的角色更像是Tier 1供应商。据发布会上透露的信息，本次合作中，华为聚焦自研车规级成像模组和AR构图引擎构建的AR-HUD底座，小鹏负责全场景AR-HUD应用、人因体验HIM布局和整车数据。此次合作的AR-HUD领域也是华为的强项。盖世汽车数据显示，2024年中国市场前装搭载 AR-HUD中，华为的市占率达 16.8%，排名第四。在AR-HUD领域，华为之所以能在一众专业面板显示商中跑赢大盘，主要得益于其自研LCoS方案。国泰海通证券在一份研报中指出，华为是首家将车规级自研的LCoS方案 AR-HUD引入量产的企业，其自研的LCoS技术方案最大的优势在于内部芯片可以实现国产化替代。这一创新正推动智能化竞争进入新阶段。中金此前发布研报称，在汽车智能化逐步下沉的当下，车载显示技术作为智能座舱人机交互的核心组成部分，将迎来快速技术迭代与规模化应用。面对日益激烈的智能化竞赛和用户对极致智能化体验的需求，要在这一轮竞争中胜出，仅凭单项技术的领先已远远不够，华为与小鹏形成“能力互补”，构建开放协同的生态系统或是关键。,比亚迪股份有限公司,002594.SZ,比亚迪
2025年06月06日 12:23,难听？周杰伦新歌上线首日 “周杰伦概念股”跌了！,6月6日零点，周杰伦新歌《即兴曲》突然上线。此前，这首歌的MV已提前上线。近年，每逢周杰伦发新歌，网络上总会出现“江郎才尽”的吐槽，这次也不例外，新歌《即兴曲》上线后，“难听”冲上了热搜。据了解，此前，周杰伦在录制自己的综艺节目《周游记》时，打卡参观了全球最知名的录音棚——位于英国伦敦拥有90多年历史的“艾比路录音室”(AbbeyRoadStudios)。这个录音棚孕育了传奇乐团披头士(TheBeatles)的无数经典歌曲，更是让周杰伦灵感突发，在录音棚里信手拈来，即兴创作了一段旋律。周杰伦新专辑正在制作预计8月或9月推出据悉，周杰伦即将推出的新专辑录音工作正在持续进行中。周杰伦此前在社交媒体发布限时动态，透露“录音师来了，代表什么”，而后又发文透露“代表我们要开始找录音室了”，意指新专辑的计划已经启动。对于何时才能正式推出，周杰伦所属的经纪公司杰威尔回应称，目前也有许多新歌已经完成，不希望专辑拖太久，暂定将在8月或9月会推出新专辑。公开资料显示，周杰伦，1979年1月18日出生，华语流行乐男歌手、音乐人、演员、导演、编剧。2000年，发行个人首张音乐专辑《Jay》。2001年，凭借专辑《范特西》奠定其融合中西方音乐的风格。代表作还有音乐专辑《叶惠美》《七里香》等，出演电影《头文字D》《不能说的秘密》《满城尽带黄金甲》等。新歌发布首日，“周杰伦概念股”跌了6月5日，周杰伦新歌发布前，由周杰伦母亲叶惠美等关联人士实控的“周杰伦概念股”巨星传奇股价大涨，一度涨超17%。这已是巨星传奇连续第3天上涨，此前一天涨超11%，月内已涨超16%。年报显示，巨星传奇2024财年收入5.84亿元，同比增长35.8%；毛利3.27亿元，同比增长18.4%；归母净利润超过5600万元，同比增长62.4%。6月6日，周杰伦新歌《即兴曲》发布首日，巨星传奇股价跌了。截至发稿，巨星传奇报5.79港元/股，跌2.85%，总市值49.78亿港元。,巨星传奇,06683.HK,巨星传奇
2025年06月06日 11:37,股东读长文批比亚迪存在营销等短板 王传福：确实存在不足 会改进,6月6日上午，比亚迪2024年度股东大会上，一名股东在提问时读长文批比亚迪存在产品营销等方面的短板，对此，比亚迪董事长王传福表示，确实随着公司的快速发展，公司在产品营销等方面存在不足，公司也会改进，“我们也能感受到股东对我们的恨铁不成钢，希望这位股东能将文章发给公司看下，我们回去仔细研究，有则改之，无则加勉”。,比亚迪股份有限公司,002594.SZ,比亚迪
2025年06月06日 11:28,科伦药业关于《假药靠肌肉男真人“赤膊上阵”，真药伟哥仅以小小 “老鼠作证”》一文的回应,"6月6日，科伦药业就《假药靠肌肉男真人“赤膊上阵”，真药伟哥仅以小小 “老鼠作证”》一文进行回应，回应原文如下：

我们注意到近期网络流传的文章《假药靠肌肉男真人“赤膊上阵”，真药伟哥仅以小小“老鼠作证”》，文中对麦角硫因相关产品的科学性和市场定位提出质疑。作为麦角硫因领域的研究者与推广者，我们高度重视公众对健康产品的关注，并在此以严谨的科学态度和公开数据作出回应，以澄清误解并传递真实信息。

一、科学验证是麦角硫因价值的核心基础
（一）作用机制：权威期刊揭示抗衰老核心通路
1.《Cell Metabolism》双篇连发
在代谢研究领域国际顶级期刊《Cell Metabolism》（影响因子：27.7）连续发表的两项独立研究中，麦角硫因被证实通过双重机制介导健康衰老：
德国莱布尼茨分析研究所研究：麦角硫因可作为 CSE 的替代底物，促进 HS 生成，激活 cGPDH以增加内源性 NAD +合成，在秀丽隐杆线虫模型中显著延长了线虫的平均寿命达20±2%，同时显著改善运动能力、应激抗性，减少脂褐素沉积并优化线粒体形态[1]；
哈佛大学医学院研究：麦角硫因可直接结合并激活 MPST ，增强线粒体能量代谢效率。在小鼠为期6周的实验中期间，补充麦角硫因使小鼠跑步距离显著增加约14%、速度提升约28%，揭示其对运动表现的直接提升作用[2]。
2. 多器官保护效应
在9月龄大鼠口服麦角硫因（20mg/kg）的实验中，运动耐力提升近 2 倍，且血管形成、肌肉质量和干细胞数量均观察到有益作用，证实其对衰老相关肌肉衰退的逆转作用[1]。

（二）临床研究：多中心、双盲试验验证多场景有效性
麦角硫因在多领域的应用已通过临床研究验证：
研究领域| 试验设计| 关键结果| 期刊（影响因子）
---|---|---|---
睡眠健康| 日本随机双盲安慰剂对照试验研究（n=92），每日 20mg，持续 4 周[3]| 显著降低了入睡困难、减少了睡眠觉醒次数、提高了睡眠质量| 《Journal of Functional Foods》（5.2）
认知健康| 新加坡国立大学试验随机双盲安慰剂对照研究（n=19），每周 75mg，持续 1 年[4]| 可改善轻度认知障碍患者的记忆和学习能力| 《Journal of Alzheimers Disease》（5.9）
皮肤抗衰| 日本双盲试验（80例），每日 25mg，持续 12 周[5]| 皮肤水分增加、皱纹减少、面部质地改善| 《Aging Dis》（5.0）
心血管健康| 瑞典前瞻性队列研究（3236例），随访 21.4 年[6]| 血液中麦角硫因含量高的人群，其冠状动脉疾病风险、心血管疾病死亡风险及全因死亡风险均更低。| 《Heart》（5.1）

二、安全性认证：全球监管背书与长期应用的可靠性
（一）国际法规批准
在欧美、日本等发达国家，麦角硫因已被列为新型食品补充剂或功能保健食品成分：
美国 FDA 授予 GRAS（公认安全GRN 000734）认证[7]；
欧洲食品安全局EFSA 批准其作为新型食品补充剂（EU 2017/2470） [8]；
日本厚生劳动省将其应用于机能性标示食品[9]。
国家卫生健康委员会2024年受理麦角硫因的新食品原料申请。

（二）毒理学研究矩阵
通过系统多维度的毒性实验，麦角硫因展现出极高安全性：
遗传毒性：摄入 1500mg/kg 剂量下，微核细胞未增加，多染红细胞比例正常[8,10]；
急性毒性：大鼠灌胃 LD50>2000mg/kg bw，无死亡或临床症状[8,10]；
亚慢性毒性：大鼠连续 28 天摄入 800mg/kg bw 无不良反应，仅最高剂量组（1600mg/kg）出现轻微中毒迹象[8,10]；
生殖毒性：交配前后 13 周给药，对生殖参数无影响[8,10]；
致敏性：麦角硫因化学结构稳定，生产过程无蛋白质污染，致敏风险极低[11]。

（三）长期临床安全性
新加坡国立大学长达1 年期的随机双盲对照试验证实，口服麦角硫因组受试者血液指标、肝肾功能均无异常，未发现与麦角硫因相关的不良反应，验证了其长期服用的安全性[4]。

三、科学发展观：尊重探索规律，拥抱预防医学趋势
（一）对“唯药物论”的纠偏
文中“未获药品批准即属无效”的论断有点武断和对膳食补充剂存有偏见。
药品审批针对特定疾病治疗场景，而营养补充剂的价值在于健康人群的风险预防与机能提升，二者分属不同维度。例如维生素 C 未被批准为“治疗感冒的药物”，但其在免疫支持领域的价值被全球医学界广泛认可。
麦角硫因的定位是健康管理工具，当下麦角硫因是国际上公认的膳食补充剂，而非药品，又何来“假药”一说。其核心价值在于预防性健康干预，与《“健康中国 2030”规划纲要》中“预防为主”的国家战略高度契合。

（二）对“过早否定”的思考
抗衰老研究是当前生命科学领域的前沿阵地，任何突破性发现都需经历从基础研究到临床转化的周期。麦角硫因作为新兴抗衰成分，目前已积累多项人体研究，其科学价值已具备产业化基础，此时对其全面否定，既违背科学探索的螺旋式上升规律，也可能阻碍大众获得先进健康管理工具的机会。

四、企业责任：以科学为基石，推动行业规范化发展
作为麦角硫因领域的研究与应用推动者，我们始终坚守以下原则：
（一）循证先行：所有产品宣称均基于公开可查的科学文献，拒绝任何夸大宣传；
（二）合规经营：严格遵循国家法律法规要求，合法经营；
（三）开放对话：欢迎学术界、监管部门及消费者对我们的研究与产品进行监督，我们将以开放姿态提供完整的科学数据与检测报告。

结语
科学的进步需要理性的质疑，更需要基于证据的建构。麦角硫因的价值已在衰老机制、器官保护、临床应用等维度初步形成立体证据网络，其作为预防医学领域的重要创新，正在为健康老龄化提供新的解决方案。
我们呼吁行业以客观态度审视新兴科技，共同推动营养健康产业从“营销驱动”向“科学驱动”转型，让消费者真正受益于生命科学的最新成果。

（文章来源：每日经济新闻）",四川科伦药业股份有限公司,002422.SZ,科伦药业
2025年06月06日 11:19,上汽集团等投资成立新公司 含工业机器人业务,企查查APP显示，近日，上海众启晟技术服务有限公司成立，法定代表人为虞晔，经营范围包含：汽车零部件研发；通用设备修理；专用设备修理；工业机器人安装、维修等。企查查股权穿透显示，该公司上汽大众汽车有限公司全资持股，后者大股东为上汽集团。,上汽集团,600104.SH,上汽集团
2025年06月06日 11:18,楚江新材：子公司碳化钽和碳化硅涂层技术可适应核聚变第一壁等核心部件的关键要求,楚江新材在接受机构调研时表示，子公司顶立科技开发的碳化钽和碳化硅涂层技术，可显著提升材料的耐腐蚀性、导热均匀性及抗中子辐照能力，这类性能正是核聚变第一壁、偏滤器等核心部件的关键要求。并且，子公司顶立科技为第一壁材料的制造提供了钨合金超高温烧结装备、钎焊焊料非晶合金产品及工艺技术支持。,安徽楚江科技新材料股份有限公司,002171.SZ,楚江新材
2025年06月06日 11:10,赛力斯集团董事长张兴海:“内卷式竞争”危及供应链稳定 不利于电动汽车产业可持续发展,在重庆举办的“2025中国汽车重庆论坛”上，赛力斯集团董事长张兴海表示，中国智能电动汽车产业取得了举世瞩目的成绩，但与此同时，行业竞争也在不断加剧。“内卷式竞争”危及供应链稳定，降低零部件企业的安全标准，也导致整车企业自身盈利能力减弱、创新服务减少，削弱了产品质量和安全保障。“内卷式竞争”也削弱了产业链的协同和产业发展的内生动力，不利于产业可持续发展。,赛力斯集团,601127.SH,赛力斯
2025年06月06日 11:09,海泰发展拟并购知学云 切入数智化学习赛道,"上证报中国证券网讯（王晨昱记者柴刘斌）6月5日晚间，海泰发展公告称，正在筹划以现金方式购买知学云（北京）科技股份有限公司（简称“知学云”）控股权。本次交易可能构成重大资产重组，不涉及公司发行股份。交易完成后，知学云将成为公司控股子公司。

根据公告，此次交易尚处于筹划阶段，交易价格、股权收购比例、业绩承诺等交易方案的核心要素仍需进一步论证和协商，预计6个月内披露预案。交易采用纯现金方式，不涉及股份发行，完成后知学云将成为海泰发展控股子公司。

公开资料显示，知学云成立于2013年，是一家数智化学习整体解决方案服务商，属于专精特新中小企业和独角兽企业。公司研发了拥有完全自有知识产权的低代码PaaS平台，能够为大型客户提供高效的个性化解决方案。知学云的服务客户超2500家，用户规模突破3000万，头部市场覆盖率超60%。

从股东结构来看，企查查数据显示，潘斌持有知学云23.35%股份，为公司实际控制人。此外，中移股权基金、中国互联网投资基金分别以10.91%、9.09%的持股比例位列股东榜前列，凸显出其股东背景兼具产业资本与国资属性。

记者注意到，知学云2021年1月曾与东兴证券签署科创板辅导协议，但后续未提交IPO申请，最新一期辅导进展报告发布于今年4月。

海泰发展属于房地产行业，近年来受市场变化影响较大，业绩持续承压。2022年以来，公司营收连续三年呈下降趋势。2024年，公司实现归母净利润为958.28万元，同比减少24.49%；2025年，公司业绩颓势仍未扭转，一季度归母净利润为-1371.2万元，亏损明显。在传统业务增长乏力的严峻形势下，公司迫切需要开拓新业务，寻找新的业绩增长点，以实现可持续发展。

对于此次交易，海泰发展表示，此举有利于公司优化产业结构，开拓符合公司战略规划的新业务板块，形成第二增长曲线。",天津海泰科技发展股份有限公司,600082.SH,海泰发展
2025年06月06日 11:09,“民营超市第一股”人人乐宣布退市 7月3日之后将被摘牌,"曾被称为“民营超市第一股”的人人乐（即，*ST人乐，002336.SZ）迎来退市倒计时。

6月5日晚间公告显示，深交所决定终止公司股票上市，终止上市日期为2025年7月4日，公司股票于2025年6月13日复牌并进入退市整理期，股票证券简称变更为“人乐退”，退市整理期的交易期限为十五个交易日，预计最后交易日期为2025年7月3日。

公告显示，2024年4月22日，因公司2023年度经审计的净资产为-3.87亿元，*ST人乐股票交易被实施退市风险警示。2025年4月30日，*ST人乐在股票交易被实施退市风险警示后披露的首个年度报告显示，公司2024年度经审计的期末净资产为-4.04亿元，财务会计报告被出具无法表示意见的审计报告，财务报告内部控制被出具否定意见的审计报告，触及股票终止上市情形。根据深交所相关规定以及上市审核委员会的审议意见，深交所决定*ST人乐股票终止上市。

*ST人乐股票终止上市后，将转入全国股转公司代为管理的退市板块进行股份转让。

退市整理期间，*ST人乐股票继续在风险警示板交易，首个交易日无价格涨跌幅限制，此后每日涨跌幅限制为10%。退市整理期间，上市公司股票原则上不停牌，公司股票全天停牌的不计入退市整理期。

在退市整理期间，公司每五个交易日披露一次股票将被摘牌的风险提示公告，在最后的五个交易日内每日披露一次股票将被摘牌的风险提示公告。其间，公司将不筹划或实施重大资产重组等重大事项。

作为一家成立于1996年的老牌零售企业，人人乐曾经是深圳零售企业的旗帜之一，一度在华南市场击败国际零售巨头。2010年，人人乐登陆深交所，被誉为“民营超市第一股”。

然而，近年来其业绩持续下滑，连续多年亏损。

财报显示，2021年至2023年，人人乐连续三个会计年度扣除非经常性损益后净利润均为负值，且2023年财务报告被出具了带“与持续性经营相关的重大不确定性段落”的无保留意见审计报告，因此被深交所实施退市风险警示和其他风险警示。

人人乐4月30日发布2024年年报，2024年其营收约为14.3亿元，同比骤降49.86%，总资产减少50.94%，净资产约为-4.04亿元。

值得注意的是，此前人人乐发布的业绩预告中提到，公司2024年预盈4.10亿元至4.60亿元。但年报发出来后业绩却大变脸，从预告的盈利超4亿元变成了亏损超1700万元。

对于业绩变动的原因，人人乐给出了两点解释：

其一，根据会计师最新取得的资料，公司出售持有的西安人人乐商品配销有限公司、西安高隆盛商业营运管理有限公司，不满足在2024年12月31日确认股权转让收益的条件。

其二，结合13家股权转让子公司2024年度代垫款最新回款情况，根据公司取得的最新情况谨慎判断，截至公告日未归还的代垫款项1.11亿元存在很可能无法收回的风险，对未收回的代垫款项全额计提坏账准备1.11亿元。

随着2024年业绩变脸，人人乐已是连续第4年亏损。

截至2024年12月31日，公司业务覆盖华南、西北区域，拥有门店32家。报告期内，公司关闭门店45家，转让门店15家，新开门店1家。

此外，在风雨飘摇之际，人人乐董事长侯延奎却突然“火线”辞职。2025年3月19日晚，人人乐突然公告称，上任仅一年半的董事长侯延奎因身体健康原因申请辞职，卸去包括董事、董事长及法定代表人在内的所有职务。",人人乐连锁商业集团股份有限公司,002336.SZ,*ST人乐
2025年06月06日 11:05,股价暴跌22%！Lululemon业绩前景展望悲观 计划提价应对关税冲击,"美东时间周四，Lululemon公布了第一财季财报。尽管其财报业绩表现超出了华尔街的预期，但在特朗普关税所带来的宏观环境不确定性下，Lululemon还是选择下调了全年业绩预期，这也令该公司股价在盘后暴跌超22%。

lululemon股价盘后暴跌

对美国经济前景不乐观

在公司应对关税和对美国经济放缓的担忧之际，Lululemon首席执行官卡尔文·麦克唐纳（Calvin McDonald）在新闻稿中表示：“我们打算利用我们强大的财务状况和竞争优势来进攻，同时我们将继续投资于我们面前的增长机会。”

他在分析师电话会议上表示，他对美国的经济增长前景“不乐观”，并表示美国消费者在做出购买决定时非常谨慎小心。

公司首席财务官梅根·弗兰克（Meghan Frank）在电话会议上补充说，Lululemon计划“在我们的产品系列中逐项进行战略性提价”，以减轻关税的影响。

她表示：“我们将对一小部分产品进行提价，幅度不大。”她补充说，提价将从当前季度的下半段开始，一直持续到第三季度。

财报显示，在截至5月4日第一财季中，Lululemon其实取得了不错的业绩表现：

每股盈利2.60美元，好于预期2.58美元；

营收23.7亿美元，略好于预期23.6亿美元；

不过，该公司下调了全年盈利预期。该公司预计全年每股收益将在14.58美元至14.78美元之间。较此前该公司预计的14.95美元-15.15美元明显下调，也略差于分析师预期的14.89美元。

多家运动零售商已发出警告

事实上，在特朗普关税不确定性的冲击下，下调业绩指引、宣布计划涨价的零售商远不止Lululemon一家，而这也预示了美国商业环境的未来波动和美国消费者生活压力的上升。

比如，和Lululemon同赛道竞争的运动服装品牌Athleta，其母公司Gap集团上周报告称，预计关税将对其业务造成1亿至1.5亿美元的影响。而耐克则在上个月宣布，它将开始提高一系列产品的价格，尽管它没有具体说明关税是否是涨价的原因。

在周四的财报电话会议上，Lululemon CEO麦克唐纳直接承认关税给业务带来了不确定性，尽管他仍然坚称，他相信该品牌“比大多数品牌更有能力”应对当前的环境。

弗兰克在财报电话会议上表示，该公司业绩预期假设目前美国对中国征收30%的额外关税，并对该零售商进口的其他国家商品征收10%的额外关税。

根据该公司的年度报告，截至2024年底，Lululemon 40%的产品在越南生产，17%在柬埔寨生产，11%在斯里兰卡生产，11%在印度尼西亚生产，7%在孟加拉国生产，其余在其他地区生产。该公司并不直接拥有或经营任何生产设施，而是依靠供应商为其产品提供面料和代工。

截至周四收盘，Lululemon股价今年迄今为止已累计下跌约13%。",Lululemon Athletica Inc.,105.LULU,LULU
2025年06月06日 11:05,股价暴跌22%！Lululemon业绩前景展望悲观 计划提价应对关税冲击,"美东时间周四，Lululemon公布了第一财季财报。尽管其财报业绩表现超出了华尔街的预期，但在特朗普关税所带来的宏观环境不确定性下，Lululemon还是选择下调了全年业绩预期，这也令该公司股价在盘后暴跌超22%。

lululemon股价盘后暴跌

对美国经济前景不乐观

在公司应对关税和对美国经济放缓的担忧之际，Lululemon首席执行官卡尔文·麦克唐纳（Calvin McDonald）在新闻稿中表示：“我们打算利用我们强大的财务状况和竞争优势来进攻，同时我们将继续投资于我们面前的增长机会。”

他在分析师电话会议上表示，他对美国的经济增长前景“不乐观”，并表示美国消费者在做出购买决定时非常谨慎小心。

公司首席财务官梅根·弗兰克（Meghan Frank）在电话会议上补充说，Lululemon计划“在我们的产品系列中逐项进行战略性提价”，以减轻关税的影响。

她表示：“我们将对一小部分产品进行提价，幅度不大。”她补充说，提价将从当前季度的下半段开始，一直持续到第三季度。

财报显示，在截至5月4日第一财季中，Lululemon其实取得了不错的业绩表现：

每股盈利2.60美元，好于预期2.58美元；

营收23.7亿美元，略好于预期23.6亿美元；

不过，该公司下调了全年盈利预期。该公司预计全年每股收益将在14.58美元至14.78美元之间。较此前该公司预计的14.95美元-15.15美元明显下调，也略差于分析师预期的14.89美元。

多家运动零售商已发出警告

事实上，在特朗普关税不确定性的冲击下，下调业绩指引、宣布计划涨价的零售商远不止Lululemon一家，而这也预示了美国商业环境的未来波动和美国消费者生活压力的上升。

比如，和Lululemon同赛道竞争的运动服装品牌Athleta，其母公司Gap集团上周报告称，预计关税将对其业务造成1亿至1.5亿美元的影响。而耐克则在上个月宣布，它将开始提高一系列产品的价格，尽管它没有具体说明关税是否是涨价的原因。

在周四的财报电话会议上，Lululemon CEO麦克唐纳直接承认关税给业务带来了不确定性，尽管他仍然坚称，他相信该品牌“比大多数品牌更有能力”应对当前的环境。

弗兰克在财报电话会议上表示，该公司业绩预期假设目前美国对中国征收30%的额外关税，并对该零售商进口的其他国家商品征收10%的额外关税。

根据该公司的年度报告，截至2024年底，Lululemon 40%的产品在越南生产，17%在柬埔寨生产，11%在斯里兰卡生产，11%在印度尼西亚生产，7%在孟加拉国生产，其余在其他地区生产。该公司并不直接拥有或经营任何生产设施，而是依靠供应商为其产品提供面料和代工。

截至周四收盘，Lululemon股价今年迄今为止已累计下跌约13%。",Gap Inc.,106.GPS,GPS
2025年06月06日 11:05,股价暴跌22%！Lululemon业绩前景展望悲观 计划提价应对关税冲击,"美东时间周四，Lululemon公布了第一财季财报。尽管其财报业绩表现超出了华尔街的预期，但在特朗普关税所带来的宏观环境不确定性下，Lululemon还是选择下调了全年业绩预期，这也令该公司股价在盘后暴跌超22%。

lululemon股价盘后暴跌

对美国经济前景不乐观

在公司应对关税和对美国经济放缓的担忧之际，Lululemon首席执行官卡尔文·麦克唐纳（Calvin McDonald）在新闻稿中表示：“我们打算利用我们强大的财务状况和竞争优势来进攻，同时我们将继续投资于我们面前的增长机会。”

他在分析师电话会议上表示，他对美国的经济增长前景“不乐观”，并表示美国消费者在做出购买决定时非常谨慎小心。

公司首席财务官梅根·弗兰克（Meghan Frank）在电话会议上补充说，Lululemon计划“在我们的产品系列中逐项进行战略性提价”，以减轻关税的影响。

她表示：“我们将对一小部分产品进行提价，幅度不大。”她补充说，提价将从当前季度的下半段开始，一直持续到第三季度。

财报显示，在截至5月4日第一财季中，Lululemon其实取得了不错的业绩表现：

每股盈利2.60美元，好于预期2.58美元；

营收23.7亿美元，略好于预期23.6亿美元；

不过，该公司下调了全年盈利预期。该公司预计全年每股收益将在14.58美元至14.78美元之间。较此前该公司预计的14.95美元-15.15美元明显下调，也略差于分析师预期的14.89美元。

多家运动零售商已发出警告

事实上，在特朗普关税不确定性的冲击下，下调业绩指引、宣布计划涨价的零售商远不止Lululemon一家，而这也预示了美国商业环境的未来波动和美国消费者生活压力的上升。

比如，和Lululemon同赛道竞争的运动服装品牌Athleta，其母公司Gap集团上周报告称，预计关税将对其业务造成1亿至1.5亿美元的影响。而耐克则在上个月宣布，它将开始提高一系列产品的价格，尽管它没有具体说明关税是否是涨价的原因。

在周四的财报电话会议上，Lululemon CEO麦克唐纳直接承认关税给业务带来了不确定性，尽管他仍然坚称，他相信该品牌“比大多数品牌更有能力”应对当前的环境。

弗兰克在财报电话会议上表示，该公司业绩预期假设目前美国对中国征收30%的额外关税，并对该零售商进口的其他国家商品征收10%的额外关税。

根据该公司的年度报告，截至2024年底，Lululemon 40%的产品在越南生产，17%在柬埔寨生产，11%在斯里兰卡生产，11%在印度尼西亚生产，7%在孟加拉国生产，其余在其他地区生产。该公司并不直接拥有或经营任何生产设施，而是依靠供应商为其产品提供面料和代工。

截至周四收盘，Lululemon股价今年迄今为止已累计下跌约13%。",Nike Inc.,106.NKE,NKE
2025年06月06日 11:00,长安汽车朱华荣：坚决反对无底线、无道德的恶性竞争,"6月6日，在2025中国汽车重庆论坛上，长安汽车党委书记、董事长朱华荣表示，坚决反对无底线、无道德的恶性竞争。

朱华荣承诺，无论国内竞争多么激烈，长安汽车旗下的所有品牌都将坚定不移地保证产品的安全、质量和服务，绝不以损害用户利益的方式来参与竞争；依法合规参与全球市场竞争，通过优质产品、可靠品质、贴心服务实现长期健康发展；坚持用体验更好的产品和服务为用户创造更多价值。

朱华荣认为，未来一至两年，中国汽车行业就会回归到理性竞争，回归到健康、可持续的价值回归线上来。",重庆长安汽车股份有限公司,000625.SZ,长安汽车
2025年06月06日 10:57,比亚迪王传福：安全是智驾最重要的因素,6月6日上午，比亚迪2024年度股东大会上，比亚迪董事长王传福在回答股东提问时表示，安全是智驾最重要的因素，比亚迪会将其放在首位，也有能力与国内汽车同行一起将汽车驾驶的安全上升到一个新的局面。“安全可能会牺牲一点能量密度，但只要始终将安全放在首位，消费者最终会选择。”,比亚迪股份有限公司,002594.SZ,比亚迪
2025年06月06日 10:52,雄帝科技：香港金管局方面要与公司合作消息不实,有投资者向雄帝科技求证：有消息称，香港金管局方面要与公司合作，使用公司量子科技加密技术用于稳定币方面，是否如此？雄帝科技在互动平台回复，消息不属实。 （文章来源：人民财讯）,雄帝科技,300546.SZ,雄帝科技
,,,,,
2025年06月06日 10:46,加强风控！高盛开始“龟缩”,"高盛总裁兼首席运营官约翰·沃尔德伦(John Waldron)周四表示，由于特朗普贸易战引发的市场波动以及对美国债务上升将削弱投资者对美元资产偏好的担忧，高盛已经加强了风险控制，尝试通过削减风险敞口以准备应对更多不确定性。

他在周四发布的高盛播客中表示，自美国总统特朗普于4月2日宣布对其贸易伙伴全面加征关税以来，高盛“已适度降低了我们的风险头寸”，并指出“对我们来说，这是明智之举”。

这家全球最具影响力的金融机构之一减少风险敞口的做法，无疑正凸显出华尔街在特朗普发动贸易战并引发席卷市场的冲击波后，有多么心神不宁。虽然市场波动性此后有所缓解，特朗普大部分加征的关税也已被暂停，但贸易战火仍可能随时重燃。

沃尔德伦表示，该行风险偏好的下降将在资本市场和客户交易便利化方面表现得最为明显。他指出，在可能的情况下，我们会削减风险，稍偏保守一些。

沃尔德伦在高盛的职位仅次于首席执行官大卫·所罗门(David Solomon)，并被不少业内人士视为后者的“接班人”。

**特朗普贸易战下加强风控**

沃尔德伦在最新播客中指出，高盛将更加珍惜流动性，留存更多的缓冲空间，并采取更为稳健的策略，而非过度激进。

他表示，高盛正为未来几个月持续的不确定性做准备，这意味着要保留更大的流动性缓冲。

在另一场媒体采访活动中，沃尔德伦详细阐述了他对当前美国经济的看法。他指出，“我不认为会出现衰退。我们预计将会出现**‘慢通胀’(slowflation)** ：经济增长率为1%至1.5%，通胀率为3%。”

沃尔德伦表示，“我不认为这是滞胀。这比20世纪70年代美国的高通胀和经济增长停滞时期危害要小。”

今年第一季度，特朗普威胁对许多国家征收高额关税，导致市场大幅波动，高盛和其他不少华尔街银行都受益于股票和债务交易收入的大幅增长。然而，美国贸易政策及其经济和金融影响的不确定性加剧，也正导致企业搁置投资和收购，降低了投资银行从兼并咨询和股票发行中获得的费用收入。

对此，**沃尔德伦在播客中表示，关税举措“非常非常具有破坏性”。一些公司现在已开始根据关税将上调至10%至15%的假设，来做出商业决策。**

他指出，“我们现在正进入调整阶段，我认为，你会看到更多关于资本支出、并购交易、资本回报、股票回购的决策。”

**警惕美国债务风险**

在周四的播客中，**沃尔德伦还对美国政府更高赤字支出的前景，及其可能导致美债抛售的风险发出了警告，** 从而加入了包括摩根大通首席执行官戴蒙和贝莱德首席执行官拉里·芬克在内的其他华尔街巨头的行列。

他指出，“我们认为(美政府)降低赤字是当务之急。”

“赤字正越来越大，我要说的是，如果在可预见的未来继续以这种速度运行，我认为这将是不可持续的。我确实认为债券市场已经在担忧这个问题，”沃尔德伦表示。

**当被问及投资者是否因对关税和赤字的担忧而正将资金撤出美国资产时，沃尔德伦表示，高盛的客户正希望 “减少对美国资产的总体配置”，并对冲美元风险敞口。**

他表示，“如果你实际观察基本的资产配置，我认为这还只是一个行为上的微小变化，我不认为变化幅度会更大。但我确实认为，政策破坏性越强且持续越久，你就越可能看到更显著的变动。”",高盛,106.GS,高盛
2025年06月06日 10:46,加强风控！高盛开始“龟缩”,"高盛总裁兼首席运营官约翰·沃尔德伦(John Waldron)周四表示，由于特朗普贸易战引发的市场波动以及对美国债务上升将削弱投资者对美元资产偏好的担忧，高盛已经加强了风险控制，尝试通过削减风险敞口以准备应对更多不确定性。

他在周四发布的高盛播客中表示，自美国总统特朗普于4月2日宣布对其贸易伙伴全面加征关税以来，高盛“已适度降低了我们的风险头寸”，并指出“对我们来说，这是明智之举”。

这家全球最具影响力的金融机构之一减少风险敞口的做法，无疑正凸显出华尔街在特朗普发动贸易战并引发席卷市场的冲击波后，有多么心神不宁。虽然市场波动性此后有所缓解，特朗普大部分加征的关税也已被暂停，但贸易战火仍可能随时重燃。

沃尔德伦表示，该行风险偏好的下降将在资本市场和客户交易便利化方面表现得最为明显。他指出，在可能的情况下，我们会削减风险，稍偏保守一些。

沃尔德伦在高盛的职位仅次于首席执行官大卫·所罗门(David Solomon)，并被不少业内人士视为后者的“接班人”。

**特朗普贸易战下加强风控**

沃尔德伦在最新播客中指出，高盛将更加珍惜流动性，留存更多的缓冲空间，并采取更为稳健的策略，而非过度激进。

他表示，高盛正为未来几个月持续的不确定性做准备，这意味着要保留更大的流动性缓冲。

在另一场媒体采访活动中，沃尔德伦详细阐述了他对当前美国经济的看法。他指出，“我不认为会出现衰退。我们预计将会出现**‘慢通胀’(slowflation)** ：经济增长率为1%至1.5%，通胀率为3%。”

沃尔德伦表示，“我不认为这是滞胀。这比20世纪70年代美国的高通胀和经济增长停滞时期危害要小。”

今年第一季度，特朗普威胁对许多国家征收高额关税，导致市场大幅波动，高盛和其他不少华尔街银行都受益于股票和债务交易收入的大幅增长。然而，美国贸易政策及其经济和金融影响的不确定性加剧，也正导致企业搁置投资和收购，降低了投资银行从兼并咨询和股票发行中获得的费用收入。

对此，**沃尔德伦在播客中表示，关税举措“非常非常具有破坏性”。一些公司现在已开始根据关税将上调至10%至15%的假设，来做出商业决策。**

他指出，“我们现在正进入调整阶段，我认为，你会看到更多关于资本支出、并购交易、资本回报、股票回购的决策。”

**警惕美国债务风险**

在周四的播客中，**沃尔德伦还对美国政府更高赤字支出的前景，及其可能导致美债抛售的风险发出了警告，** 从而加入了包括摩根大通首席执行官戴蒙和贝莱德首席执行官拉里·芬克在内的其他华尔街巨头的行列。

他指出，“我们认为(美政府)降低赤字是当务之急。”

“赤字正越来越大，我要说的是，如果在可预见的未来继续以这种速度运行，我认为这将是不可持续的。我确实认为债券市场已经在担忧这个问题，”沃尔德伦表示。

**当被问及投资者是否因对关税和赤字的担忧而正将资金撤出美国资产时，沃尔德伦表示，高盛的客户正希望 “减少对美国资产的总体配置”，并对冲美元风险敞口。**

他表示，“如果你实际观察基本的资产配置，我认为这还只是一个行为上的微小变化，我不认为变化幅度会更大。但我确实认为，政策破坏性越强且持续越久，你就越可能看到更显著的变动。”",摩根大通,106.JPM,摩根大通
2025年06月06日 10:46,加强风控！高盛开始“龟缩”,"高盛总裁兼首席运营官约翰·沃尔德伦(John Waldron)周四表示，由于特朗普贸易战引发的市场波动以及对美国债务上升将削弱投资者对美元资产偏好的担忧，高盛已经加强了风险控制，尝试通过削减风险敞口以准备应对更多不确定性。

他在周四发布的高盛播客中表示，自美国总统特朗普于4月2日宣布对其贸易伙伴全面加征关税以来，高盛“已适度降低了我们的风险头寸”，并指出“对我们来说，这是明智之举”。

这家全球最具影响力的金融机构之一减少风险敞口的做法，无疑正凸显出华尔街在特朗普发动贸易战并引发席卷市场的冲击波后，有多么心神不宁。虽然市场波动性此后有所缓解，特朗普大部分加征的关税也已被暂停，但贸易战火仍可能随时重燃。

沃尔德伦表示，该行风险偏好的下降将在资本市场和客户交易便利化方面表现得最为明显。他指出，在可能的情况下，我们会削减风险，稍偏保守一些。

沃尔德伦在高盛的职位仅次于首席执行官大卫·所罗门(David Solomon)，并被不少业内人士视为后者的“接班人”。

**特朗普贸易战下加强风控**

沃尔德伦在最新播客中指出，高盛将更加珍惜流动性，留存更多的缓冲空间，并采取更为稳健的策略，而非过度激进。

他表示，高盛正为未来几个月持续的不确定性做准备，这意味着要保留更大的流动性缓冲。

在另一场媒体采访活动中，沃尔德伦详细阐述了他对当前美国经济的看法。他指出，“我不认为会出现衰退。我们预计将会出现**‘慢通胀’(slowflation)** ：经济增长率为1%至1.5%，通胀率为3%。”

沃尔德伦表示，“我不认为这是滞胀。这比20世纪70年代美国的高通胀和经济增长停滞时期危害要小。”

今年第一季度，特朗普威胁对许多国家征收高额关税，导致市场大幅波动，高盛和其他不少华尔街银行都受益于股票和债务交易收入的大幅增长。然而，美国贸易政策及其经济和金融影响的不确定性加剧，也正导致企业搁置投资和收购，降低了投资银行从兼并咨询和股票发行中获得的费用收入。

对此，**沃尔德伦在播客中表示，关税举措“非常非常具有破坏性”。一些公司现在已开始根据关税将上调至10%至15%的假设，来做出商业决策。**

他指出，“我们现在正进入调整阶段，我认为，你会看到更多关于资本支出、并购交易、资本回报、股票回购的决策。”

**警惕美国债务风险**

在周四的播客中，**沃尔德伦还对美国政府更高赤字支出的前景，及其可能导致美债抛售的风险发出了警告，** 从而加入了包括摩根大通首席执行官戴蒙和贝莱德首席执行官拉里·芬克在内的其他华尔街巨头的行列。

他指出，“我们认为(美政府)降低赤字是当务之急。”

“赤字正越来越大，我要说的是，如果在可预见的未来继续以这种速度运行，我认为这将是不可持续的。我确实认为债券市场已经在担忧这个问题，”沃尔德伦表示。

**当被问及投资者是否因对关税和赤字的担忧而正将资金撤出美国资产时，沃尔德伦表示，高盛的客户正希望 “减少对美国资产的总体配置”，并对冲美元风险敞口。**

他表示，“如果你实际观察基本的资产配置，我认为这还只是一个行为上的微小变化，我不认为变化幅度会更大。但我确实认为，政策破坏性越强且持续越久，你就越可能看到更显著的变动。”",贝莱德,106.BLK,贝莱德
2025年06月06日 10:40,4500字长文剖析！金科千亿债务“求解”之道,"近期，*ST金科（000656）（或称“金科股份”）的破产重整迎来重大进展，上市公司主体及旗下子公司重庆金科的重整计划获法院裁定批准，进入执行阶段。在此背景下，市场关注的焦点莫过于重整投资人出资的26.28亿元与公司千亿债务有何关联，巨额债务消失了吗？此外，重整方案中的股票估值定价是否合理？重整方案有何特点，其他受困房企能否从中借鉴？为此，记者采访了上市公司、机构债权人、重整投资人、业内专家等对象，以期还原重整背后的思路与逻辑，展现重整背后的平衡与博弈。

**千亿债务消失了吗？**
“金科股份偿债的核心逻辑并非直接以交易价格偿债，而是通过资产盘活产生的未来收益逐步偿还债务。”通力律师事务所合伙人任意告诉上证报记者，“对于重整投资人而言，26.28亿元对应的是公司资本公积转增的30亿股股本，是‘一分价钱一分货’的权益投资，并没有拿到公司的底层资产。对于债权人而言，千亿债权中除去已经偿还的部分，都留在了公司的底层资产上，并未灭失。”

首先来看，金科股份及重庆金科究竟欠了多少钱。截至2024年12月10日，管理人对金科股份已申报债权进行依法审查，确认债权649.47亿元，暂缓确认债权143.23亿元，对重庆金科确认债权439.86亿元，暂缓确认债权60.75亿元。除此之外，经管理人综合调查调整，两家公司面临的未申报但可能受法律保护的债权分别预计约123.46亿元、175.18亿元。

然后再看金科股份及重庆金科具体怎么还钱。综合来看，现金清偿、以转增股本抵债、信托受益权份额抵债、项目资产抵债是主要的四大清偿方式。

据测算，100万元的普通债权在金科股份“现金+股票+信托收益权”组合下的清偿率约为22.36%，在重庆金科“现金+信托收益权”组合下的清偿率约为11.64%。根据评估机构分析，若未能通过破产重整引入战投，金科股份及重庆金科极有可能走向破产清算，这一情形下普通债权的清偿率分别约为3.02%、0.63%。

现金清偿的来源包括重整投资人的投资款项及公司生产经营所产生的现金流，据本报记者估算，金科股份及重庆金科即期用于现金偿还债权的资金分别约为6.98亿元、2.27亿元。公司按每10股转增10股的比例实施资本公积转增，共计转增52.94亿股。其中，重整投资人合计投资26.28亿元受让30亿股。转增股本中约22.94亿股则是分配给金科股份的债权人，用于以股抵债。

根据财务顾问给出的股票估值区间取中枢值，以股抵债的单价为6.46元/股，计算可得转增股本抵偿的债务约为148亿元。分配方式为金科股份每家（户）普通债权人超过5万元的债权部分，每100元债权可分得约2.53股。因重庆金科并非上市公司，则不涉及以股抵债的清偿方式。

信托受益权份额抵债的清偿方式包含了金科股份及重庆金科的已确认、暂缓确认、未申报债权，覆盖范围最为全面，存续期限为8年。二者的信托受益权份额总数分别为906.71亿份、674.26亿份，每份对应估值为0.0192元、0.0699元，对应估值总额为17.44亿元、47.12亿元，分配方式均为每家（户）普通债权人超过5万元的债权部分，每100元债权可分得100份信托受益权份额。

信托的核心底层资产分别来自金科股份及重庆金科持有的非保留一级子公司股权。金科股份的38家一级子公司中有20家作为非保留资产、重庆金科的74家一级子公司中有49家作为非保留资产，同时这些一级子公司的下属公司将随之划入非保留资产，作为偿债资源注入信托计划。

“更多的债权其实是通过‘股票+信托受益权’以盘活资产为终极目标来偿还的。”任意表示。

底层项目留债的设计是本次金科股份及重庆金科重整方案的一个重要创新。使债权人有权对实际负债的项目公司作出处置资产或盘活经营的处理，以实现项目资产抵债。一般而言，重整计划中对重整主体承担的有财产担保的债权会明确优先通过资产处置等方式偿还，但对于重整主体旗下具有独立法人资格的子公司应该如何处理有财产担保的债权，往往模糊不清。

由于二者的债权中有大量债权系为项目公司提供担保而产生的连带责任，其中仍有部分有财产担保的债权，因此这部分债权是否会因重整而灭失也是债权人关注的焦点。

对此，两份重整计划均明确表示：“对于金科股份（重庆金科）作为保证人为保留或非保留公司提供保证的债务，若主债务人自己为该笔债务提供了财产担保的，除另有约定外，债权人应当首先就该担保财产实现其担保物权。”

“此举保证了债权人不因金科股份及重庆金科两家平台公司的重整而丧失在项目层面已有的抵押债权，为债权人预留了三年的偿债资源领受期限。”业内人士告诉上证报记者，“债权人可在3年内继续通过项目经营盘活、司法手段、债务重组等方式最终实现债权清偿，不足的部分可继续在重整程序中申请补充清偿及二次清偿。这部分普通债权真正的清偿率可能远高于金科股份及重庆金科通过重整程序实现的重整清偿率。”

**估值定价合理吗？**
市场另一关注焦点是转增股本和以股抵债的股票估值定价。前述52.94亿股的转增股本中，12亿股由3家产业投资人以0.63元/股的价格受让，18亿股由财务投资人以1.04元/股的价格受让，22.94亿股以6.46元/股的价格用于以股抵债。

如何去看待重整投资人的入股价格与债权人债转股的价格差异？有债权人向记者表示：“我们对现在的结果没有异议，只希望正常推进执行，暂时没有什么想对媒体说的。”

“在金科股份这个案例里，如果单纯去评论价格可能会有失偏颇。”任意认为，近年来，房地产市场持续调整，如此大体量、结构复杂的地产公司破产重整能够获得法院裁定批准是极其不易的。需要注意的是，这一方案在重整新规出台并对投资人认购股价比例作出明确规制前推出，其认购价格是重整商业交易市场化的体现；以股抵债的价格需要经债权人会议表决通过后实施，也是债权人和各方达成的共识。

“针对地产行业内企业去设计和执行破产重整，其实难度非常大，因为‘包袱’太大。”有地产行业人士向上证报记者表示，“债权人会议表决通过重整计划也是多方博弈的结果，行业环境摆在眼前，如果不采取重整方式，最终也解决不了问题，公司也可能彻底拖垮了。对于新进投资者来说，也是冒了很大风险的，如果重整不成功，钱就打水漂了。所以几方都有挑战，这确实是一个协商、博弈和妥协的结果。”

另有券商人士分析称：“可以从三个层面去看待这个价格差距，一是回溯此前破产重整的一些案例，这个债转股的溢价率不算夸张，例如同在重庆的原力帆科技在2020年底重整时，引进战投的定价是2.22元/股，债转股定价是15.97元/股；二是受行业和多重因素影响，地产股的股价本身都很低，无形之中放大了溢价率，这和很多破产重整的个案所处的情况不一样；三是从公司重整计划中对未来经营发展的规划来看，重整之后的金科股份可能更偏轻资产运营，那么估值逻辑和方法可能也会发生变化。”

“地产类企业重整伴随着项目周期长的特殊性，高抵债价格与未来项目盘活回款的过程相挂钩，随着企业经营表现企稳仍将有望实现股票升值及债权人权益的保障。”任意补充道。

**其他公司能够借鉴吗？**
多位采访对象认为，金科股份及重庆金科的破产重整对于房地产企业及其他上市公司均有可供借鉴的重要意义。

在任意看来，金科股份的破产重整颇具个案特色，一是因为金科股份的底层资产相对优质，资产负债结构相对明晰，便于统筹处理；二是，金科股份的治理模式偏向“职业经理人化”，治理逻辑较清晰，实控人对重整工具有较清醒的判断认知；三是依托上市公司平台，能够通过资本公积转增股本、引入投资人、以股抵债、信托等方式拓宽偿债渠道，形成立体化偿债组合。

另有行业人士称：“也许其他房地产企业难以完全复制金科股份的方案，但可以从中借鉴很多要点思路，为房地产行业的风险化解路径提供了新的参考样本。”

首先是将重整与保交楼、保交房相结合，将多点散乱的项目问题化零为整，一并解决。据介绍，过往房地产企业在这一问题上，更多是通过银行贷款的方式来解决，新增了债权。但通过重整引入战投的方式，注入的是权益资金，缓解企业的债务压力。在金科股份及重庆金科的方案中，26.28亿元的投资款中合计有不超过6.07亿元用于保交楼、保交房专项资金，将原来按照单个项目处理的点状方案变为依托重整主体统一处理，进而集中解决一批项目风险。

其次，破产重整通过法律的方式从根本上解决上市公司债务问题，兼具公平与效率，帮助上市公司出清风险，尽快进入良性运营状态。前述行业人士举例称：“国内某已出险的大型房企此前的境内债重组方案以展期为主，实际上是延长了还债时间，但上市公司的债务仍然没有得到改善。”

就金科股份的案例而言，平安证券研报认为，AMC（资产管理公司）直接参与房企母公司重整的情况较为罕见，尽管推进难度相对项目纾困更大，但有望全盘协助出险房企改善资产负债结构及盈利能力。

第三是保留了债权人对项目资产主债权的处置权利，并未因重整导致债权人的主债权灭失。

此外，对于其他受困上市公司而言，如何充分发挥上市公司转增股本引进战投的功能，通过注入资源去化解风险，金科股份及重庆金科提供了一个有力的案例。

**记者观察| “死水”如何变“活水”？**
记者：刘春燕
动辄数十页上百页的公告，晦涩难懂的术语，纷繁复杂的数据，对金科重整方案的理解往往令广大投资者头痛不已，到底怎么看待金科破产重整的逻辑，其本质是什么？
打个比方，不妨将金科股份此前的困境看作被巨石堵住通道的蓄水池，长久无法流动便是死水，容易发臭，巨石就是庞大的债务。想把巨石移开，但无奈太重，根本搬不动，怎么办？公司的解法是用杠杆的巧劲把巨石撬开。
重整投资款就是用来撬动巨石的杠杆一端，上市公司资本公积转增股本的功能属性就是杠杆的支点。巨石撬动了，水池就恢复流动性变成活水了，发臭的水体自然能够实现生态恢复。
巨石应该消失吗？应该消失，但不能无缘无故地消失。因为巨石代表的是债务，是债权人的权益。巨石消失了吗？没有，只是从水池通道的位置被撬动滚到了水池边上。所以债务没有消失。那么巨石的移动，有什么意义？水池从死水变成了活水，水池的生态环境恢复了，水流潺潺，日积月累，滴水穿石。
而随着规则不断完善，其可操作性正变得越来越落地，更具实践意义。
2023年，《中共中央国务院关于促进民营经济发展壮大的意见》中指出，要完善市场化重整机制。鼓励民营企业盘活存量资产回收资金。坚持精准识别、分类施策，对陷入财务困境但仍具有发展前景和挽救价值的企业，按照市场化、法治化原则，积极适用破产重整、破产和解程序。
2024年12月31日，最高法和证监会联合印发《关于切实审理好上市公司破产重整案件工作座谈会纪要》（简称《纪要》）。作为配套文件，证监会于今年3月14日发布《上市公司监管指引第11号——上市公司破产重整相关事项》（简称《指引》），自发布之日起实施。
在律师任意看来，不同于2012年最高法印发《关于审理上市公司破产重整案件工作座谈会纪要》的是，最新《纪要》的印发单位增加了证券监管部门，这无疑是显著的进步。此前，由于缺乏可供参照的具体规则，破产重整项目一案一议，操作手法五花八门，甚至个别项目沦为套利工具。然而，随着新规的出台，破产重整正逐步迈向规范化、严格化和市场化的轨道，其作为解决上市公司困境的有效手段，愈发受到广泛关注。
作者：刘春燕张良",金科股份,000656.SZ,*ST金科
